{"type":"FeatureCollection","features":[{"type":"Feature","properties":{"STUSPS":"AL","NAME":"Alabama"},"geometry":{"type":"MultiPolygon","coordinates":[[[[-88.053375,30.506987],[-88.051088,30.508857],[-88.045647,30.513306],[-88.041966,30.517376],[-88.03867,30.520405],[-88.035099,30.521967],[-88.032407,30.521447],[-88.029165,30.519648],[-88.026222,30.516609],[-88.023506,30.492573],[-88.02433,30.490774],[-88.026748,30.491105],[-88.045043,30.501189],[-88.052349,30.505591],[-88.053375,30.506987]]],[[[-88.225723,30.321556],[-88.220732,30.322114],[-88.219581,30.321414],[-88.220241,30.320527],[-88.225421,30.319893],[-88.226195,30.320726],[-88.225723,30.321556]]],[[[-88.261902,30.335077],[-88.260377,30.335607],[-88.259141,30.337129],[-88.258765,30.339312],[-88.257704,30.340859],[-88.257935,30.344],[-88.261547,30.346618],[-88.261541,30.347672],[-88.260158,30.349165],[-88.260297,30.350175],[-88.259312,30.355541],[-88.259022,30.360756],[-88.259138,30.363113],[-88.26001,30.365821],[-88.25947,30.366778],[-88.25855,30.366608],[-88.256291,30.363815],[-88.256,30.360907],[-88.256756,30.354739],[-88.25717,30.35255],[-88.256316,30.346484],[-88.255134,30.342175],[-88.253557,30.337299],[-88.253294,30.334804],[-88.253623,30.331005],[-88.255395,30.326232],[-88.256207,30.325115],[-88.25781,30.325549],[-88.259764,30.32763],[-88.261375,30.332877],[-88.262404,30.334219],[-88.261902,30.335077]]],[[[-88.327302,30.229882],[-88.320142,30.232035],[-88.313074,30.231327],[-88.299705,30.231812],[-88.279154,30.235155],[-88.25837,30.239595],[-88.224615,30.245559],[-88.201468,30.251179],[-88.192127,30.250248],[-88.190179,30.251334],[-88.186372,30.251198],[-88.17335,30.252418],[-88.167433,30.252693],[-88.161904,30.253396],[-88.153678,30.253165],[-88.1473,30.254105],[-88.14526,30.254969],[-88.141143,30.255024],[-88.130631,30.262125],[-88.124722,30.273541],[-88.121614837443,30.276024861477],[-88.117738,30.279124],[-88.086812,30.259864],[-88.0767561635801,30.2508282112116],[-88.074854,30.249119],[-88.075856,30.246139],[-88.082867,30.24536],[-88.092403,30.243602],[-88.0996549094187,30.2434858259402],[-88.109382,30.24333],[-88.122721,30.247542],[-88.126304,30.2480451781368],[-88.13776,30.249654],[-88.149812,30.249988],[-88.166789,30.249748],[-88.191905,30.248094],[-88.199799,30.24779],[-88.234854,30.241307],[-88.260192,30.236156],[-88.283128,30.232079],[-88.304773,30.228031],[-88.318865,30.22803],[-88.326371,30.228463],[-88.327302,30.229882]]],[[[-88.473227,31.893856],[-88.468879,31.930262],[-88.4688743843865,31.9303233518312],[-88.4688742551621,31.9303250695125],[-88.46866,31.933173],[-88.455039,32.039719],[-88.454959,32.040576],[-88.4538834888783,32.0492800349269],[-88.4534176891327,32.0530497191012],[-88.443049750597,32.1369567074276],[-88.4428468074689,32.1385991117127],[-88.4418791405619,32.1464303710893],[-88.43871,32.172078],[-88.43865,32.172806],[-88.4358107589052,32.1939763035621],[-88.4338373824385,32.2086904392936],[-88.4312940163839,32.2276546024792],[-88.428278,32.250143],[-88.4279411433212,32.2530321691437],[-88.4240705677077,32.2862295148856],[-88.421453,32.30868],[-88.4149186209757,32.3645243746791],[-88.4147143585951,32.3662700501098],[-88.4144532827107,32.3685012674077],[-88.413819,32.373922],[-88.4125,32.380025],[-88.4100961455102,32.3992715654218],[-88.4039163853966,32.4487500832869],[-88.4039124245627,32.4487817958759],[-88.403789,32.44977],[-88.403789,32.449885],[-88.4033142007722,32.4542976645469],[-88.3999703119346,32.4853749259647],[-88.399966,32.485415],[-88.3888572465182,32.5781229194103],[-88.3861753483959,32.6005046560645],[-88.3856359464185,32.6050062263919],[-88.3853779263182,32.6071595288939],[-88.383039,32.626679],[-88.382985,32.626954],[-88.373338,32.711825],[-88.3690552109757,32.7425839924895],[-88.368349,32.747656],[-88.36818559513,32.7491378149249],[-88.3666091107452,32.76343394998],[-88.354292,32.87513],[-88.3478500256084,32.929077584824],[-88.340432,32.991199],[-88.3310076496119,33.0724897275104],[-88.330934,33.073125],[-88.3218338813934,33.1463255917165],[-88.317135,33.184123],[-88.315235,33.203323],[-88.312535,33.220923],[-88.3114725832984,33.2297430797382],[-88.3080904163437,33.2578214996127],[-88.3044169870825,33.2883179507206],[-88.3027437308318,33.3022091607627],[-88.3005000457713,33.3208360150958],[-88.3004988409734,33.32084601721],[-88.2970970227493,33.3490875800044],[-88.29301654948,33.3829632707304],[-88.2859481129665,33.4416447406107],[-88.2801043139762,33.4901593893276],[-88.2783483747538,33.5047370253287],[-88.277421,33.512436],[-88.276805,33.516463],[-88.274619,33.534008],[-88.274140784277,33.5378608340953],[-88.2713719682235,33.5601683166394],[-88.2707817407051,33.564923594639],[-88.27005,33.570819],[-88.269532,33.572894],[-88.269076,33.576929],[-88.26816,33.58504],[-88.267148,33.591989],[-88.267005,33.594229],[-88.2623713027984,33.6323972445167],[-88.262370726858,33.6324019885971],[-88.256343,33.682053],[-88.2563394755732,33.6820664160965],[-88.256131,33.68286],[-88.254622,33.69578],[-88.254445,33.698779],[-88.252257,33.719568],[-88.2489367947941,33.7449779007161],[-88.2460218415259,33.7672863631589],[-88.244142,33.781673],[-88.243025,33.79568],[-88.2416094387383,33.8029217083864],[-88.2415992970684,33.8029735909988],[-88.240054,33.810879],[-88.235492,33.847203],[-88.2309869597483,33.8795027582299],[-88.2294613585972,33.8904408510291],[-88.229252650117,33.891937226882],[-88.2292490683217,33.8919629072572],[-88.228892458869,33.8945196877657],[-88.226517,33.911551],[-88.226517,33.911665],[-88.226428,33.912875],[-88.222135875909,33.9447024394569],[-88.2132700197265,34.0104455295678],[-88.2117468355469,34.0217404155568],[-88.210741,34.029199],[-88.207229,34.058333],[-88.2060052962786,34.0683576964181],[-88.2037840638383,34.0865542422802],[-88.200196,34.115948],[-88.192128,34.175351],[-88.190678,34.190123],[-88.18762,34.204778],[-88.186667,34.220952],[-88.1774959379743,34.2893325939911],[-88.1771061707454,34.2922387475592],[-88.176889,34.293858],[-88.175867,34.302171],[-88.173632,34.321054],[-88.16591,34.380926],[-88.1656733734431,34.3827915774924],[-88.165634,34.383102],[-88.1613748286655,34.4196263774296],[-88.1594297785128,34.4363060881802],[-88.1586659845225,34.4428559772994],[-88.156751039728,34.4592775205854],[-88.1565520647315,34.4609838238307],[-88.156292,34.463214],[-88.1560500936445,34.4649720496905],[-88.1525090963558,34.4907061779864],[-88.1457269086701,34.5399955938776],[-88.139988,34.581703],[-88.139246,34.587795],[-88.138719,34.589215],[-88.1343641919509,34.6219004926397],[-88.134263,34.62266],[-88.1308067668013,34.6448133736411],[-88.1229228444128,34.6953468499391],[-88.120809790864,34.7088908621916],[-88.118407,34.724292],[-88.116418,34.746303],[-88.1137746540129,34.7657968560182],[-88.10756,34.811628],[-88.104828239252,34.8343853294572],[-88.097888,34.892202],[-88.099999,34.894095],[-88.125038,34.902227],[-88.136692,34.907592],[-88.139721,34.909631],[-88.146335,34.914374],[-88.154617,34.922392],[-88.1601355569244,34.9311432274347],[-88.161594,34.933456],[-88.172102,34.955213],[-88.176106,34.962519],[-88.179973,34.967466],[-88.187429,34.974909],[-88.198811,34.991192],[-88.200064,34.995634],[-88.20082,34.997774],[-88.201987,35.005421],[-88.202959,35.008028],[-88.000032,35.005939],[-87.9849162019114,35.0058806732269],[-87.9269766619543,35.0056571040592],[-87.877969,35.005468],[-87.877742,35.005512],[-87.872626,35.005571],[-87.853528,35.005541],[-87.853411,35.005576],[-87.851886,35.005656],[-87.8211613865039,35.0053773987792],[-87.8211342757523,35.0053771529474],[-87.773586,35.004946],[-87.767602,35.004783],[-87.75889,35.004711],[-87.7223240284927,35.0042505851277],[-87.709491,35.004089],[-87.7094595821424,35.0040883690137],[-87.702321,35.003945],[-87.700543,35.003988],[-87.696834,35.003852],[-87.6887093751075,35.0037513567643],[-87.671405,35.003537],[-87.664123,35.003523],[-87.625025,35.003732],[-87.6192815618009,35.003704600444],[-87.606178379167,35.0036420906069],[-87.5774876474615,35.0035052190532],[-87.5223899924953,35.0032423710464],[-87.4958434829136,35.0031157286851],[-87.4929517665586,35.0031019335085],[-87.4929179481542,35.003101772175],[-87.4432865229355,35.0028650012779],[-87.4370737168059,35.0028353625626],[-87.428613,35.002795],[-87.4245661499548,35.0027286018946],[-87.421543,35.002679],[-87.4174,35.002669],[-87.412233415467,35.0026105723976],[-87.391314,35.002374],[-87.381071,35.002118],[-87.359281,35.001823],[-87.3592674303837,35.0018227821826],[-87.3493245225215,35.0016631801721],[-87.349251,35.001662],[-87.2992156777296,35.0009154577211],[-87.299185,35.000915],[-87.270014,35.00039],[-87.230544,34.999484],[-87.224053220297,34.9993266591169],[-87.2197717603678,34.9992228736371],[-87.216683,34.999148],[-87.215236205961,34.9991177159924],[-87.210759,34.999024],[-87.1627524375735,34.9980950657409],[-87.1396209266955,34.9976474674995],[-87.1256493142754,34.9973771146816],[-87.1204873149768,34.9972772292128],[-87.0945933592216,34.9967761772443],[-87.0899784494007,34.9966868780398],[-87.0300940691376,34.9955281062054],[-87.011174,34.995162],[-87.000007,34.995121],[-86.9886782470853,34.9948518895576],[-86.974412,34.994513],[-86.972613,34.99461],[-86.970236,34.994546],[-86.96712,34.9944],[-86.9374605990549,34.9937094645679],[-86.8792364883071,34.9923538804971],[-86.879203662682,34.9923531162451],[-86.87771542809,34.9923184669034],[-86.862147,34.991956],[-86.8573743674567,34.9919436366679],[-86.849794,34.991924],[-86.846466,34.99186],[-86.83637,34.991764],[-86.836306,34.991764],[-86.820657,34.991764],[-86.8193960245283,34.991769485613],[-86.783648,34.991925],[-86.7836280170906,34.9919250273269],[-86.7753399184435,34.9919363613987],[-86.7217124160414,34.9920096976354],[-86.6943020289661,34.9920471816603],[-86.6776727086777,34.9920699224502],[-86.677616,34.99207],[-86.676726,34.99207],[-86.67436,34.992001],[-86.670853,34.992],[-86.65961,34.991792],[-86.6413928487564,34.9917405111499],[-86.641212,34.99174],[-86.600039,34.99124],[-86.588962,34.991197],[-86.5713080004837,34.9910119538512],[-86.571217,34.991011],[-86.555864,34.990971],[-86.5557676701894,34.9909699655954],[-86.528485,34.990677],[-86.5227079907133,34.9906784279028],[-86.5224600055586,34.9906784891973],[-86.4732990364922,34.9906906403093],[-86.467798,34.990692],[-86.433927,34.991085],[-86.4286076259029,34.9911682872265],[-86.397203,34.99166],[-86.3777526382152,34.9915327891245],[-86.3187611440952,34.9911469680432],[-86.311274,34.991098],[-86.2539461700063,34.9907495541905],[-86.1529311285418,34.990135571978],[-86.0672113888046,34.9896145565461],[-86.0671363915753,34.9896141007035],[-86.0670683880094,34.9896136873692],[-86.0670596523409,34.9896136342727],[-85.8639354755464,34.9883790198068],[-85.8609202846465,34.9883606930947],[-85.828724,34.988165],[-85.824411,34.988142],[-85.8081505497085,34.9878850913229],[-85.7960529829863,34.9876939545582],[-85.7579491702861,34.9870919294029],[-85.748942822758,34.9869496326776],[-85.7454168497592,34.9868939237002],[-85.7265002692043,34.9865950492165],[-85.726239039383,34.9865909218887],[-85.7223216009079,34.9865290279118],[-85.7022512605366,34.9862119244798],[-85.7008436226794,34.9861896843589],[-85.7008262686624,34.9861894101723],[-85.6947663278267,34.9860936655062],[-85.6156867800132,34.9848442399586],[-85.611494932012,34.9847780104197],[-85.6114325530746,34.9847770248572],[-85.605165,34.984678],[-85.599385,34.951766],[-85.598781,34.944915],[-85.5968555276548,34.9338749100965],[-85.5965230789194,34.931968747208],[-85.595191,34.924331],[-85.595163,34.924171],[-85.5847264767994,34.868766591596],[-85.583145,34.860371],[-85.5759270787553,34.8237342946789],[-85.5743534080727,34.815746661243],[-85.561416,34.750079],[-85.5580670538503,34.734425844267],[-85.5537243611281,34.7141278632177],[-85.552482,34.708321],[-85.552454,34.708138],[-85.5520892272007,34.7064634753637],[-85.542501013985,34.6624478599444],[-85.541267,34.656783],[-85.541264,34.656701],[-85.534327,34.625082],[-85.5340893753704,34.6238579271308],[-85.527261,34.588683],[-85.517074,34.542598],[-85.5146979912582,34.5294437989317],[-85.51393,34.525192],[-85.513709,34.52417],[-85.512108,34.518252],[-85.508384,34.501212],[-85.5049447058824,34.4857351764706],[-85.502454,34.474527],[-85.502316,34.473954],[-85.4845883505414,34.3928900308523],[-85.4740169081093,34.3445495509054],[-85.47045,34.328239],[-85.4704343306423,34.3281606305543],[-85.467676385249,34.3143669157448],[-85.4620817189037,34.2863854944266],[-85.458693,34.269437],[-85.458071,34.265736],[-85.455371,34.252854],[-85.455057,34.250689],[-85.444715014064,34.1999256811405],[-85.4447082365292,34.1998924138202],[-85.42947,34.125096],[-85.428222,34.114397],[-85.4278886333432,34.11263966956],[-85.4218527741544,34.0808218531424],[-85.420232,34.072278],[-85.406748,34.002314],[-85.405918,34.0001],[-85.3993834093702,33.9669047225612],[-85.398837,33.964129],[-85.3914952437911,33.9270680642863],[-85.3887171312565,33.9130442466707],[-85.3864734721684,33.9017183318811],[-85.3808849979311,33.873507903946],[-85.377426,33.856047],[-85.3764027281585,33.8506557456616],[-85.361844,33.773951],[-85.360491,33.767958],[-85.357402,33.750104],[-85.3569782031297,33.7479633701095],[-85.3552522157442,33.7392452779125],[-85.3427217404908,33.6759529042533],[-85.3382006083928,33.6531163257259],[-85.3237922987933,33.5803388694423],[-85.315340215273,33.5376467594031],[-85.3153400895111,33.5376461241702],[-85.314994,33.535898],[-85.3148434877199,33.5349512560896],[-85.314091,33.530218],[-85.313999,33.529807],[-85.304439,33.482884],[-85.3033886220355,33.4774207256388],[-85.2975274009043,33.4469350716994],[-85.2963097812195,33.4406019319816],[-85.2939021634334,33.4280793192012],[-85.2814046177246,33.3630765074936],[-85.2626626417577,33.2655948768441],[-85.2521537013376,33.2109352907707],[-85.252143787887,33.2108837284737],[-85.2365086541145,33.1295615488779],[-85.232378,33.108077],[-85.2284317628998,33.0883839047551],[-85.2277998763677,33.0852305712517],[-85.223516898458,33.0638570222819],[-85.223261,33.06258],[-85.221868,33.055538],[-85.210891601815,33.0005976927144],[-85.2041165750202,32.9666865637903],[-85.2025511620875,32.9588511822649],[-85.1912639601209,32.9023552048059],[-85.1907838462341,32.8999520845814],[-85.1890775794593,32.8914116855049],[-85.188741,32.889727],[-85.1870586538649,32.8816537568625],[-85.1857371444189,32.8753120969364],[-85.1853237424222,32.8733282633109],[-85.1850475779872,32.8720030053371],[-85.18474,32.870527],[-85.184131,32.870525],[-85.1846512046702,32.8694746250528],[-85.184914,32.868944],[-85.1848884238249,32.863446106048],[-85.184888,32.863355],[-85.1844,32.861317],[-85.179353,32.855269],[-85.1784707131974,32.8547244078766],[-85.1783807279069,32.8546688643954],[-85.1783639525338,32.854658509785],[-85.177127,32.853895],[-85.170099,32.852497],[-85.168064,32.852863],[-85.166761,32.85474],[-85.164318,32.856183],[-85.16231,32.856479],[-85.161089,32.856045],[-85.159841,32.854945],[-85.1571363009798,32.851508931773],[-85.155884,32.849918],[-85.154255,32.847476],[-85.153388,32.844865],[-85.153462209283,32.8434461729737],[-85.153497,32.842781],[-85.153905,32.841018],[-85.154584,32.839805],[-85.157432,32.839439],[-85.16058,32.838249],[-85.164651,32.834791],[-85.165473357677,32.8334253730464],[-85.168016,32.829203],[-85.164104,32.82128],[-85.1646705784048,32.8202326623105],[-85.166078,32.817631],[-85.1672507819921,32.813837891558],[-85.1679144901823,32.8116912716779],[-85.167939,32.811612],[-85.1638459228327,32.8064092347279],[-85.162137,32.804237],[-85.1529003459633,32.7950825579662],[-85.151913,32.794104],[-85.1505836689875,32.7934570819934],[-85.145771,32.791115],[-85.141903,32.791821],[-85.140558,32.789701],[-85.1401915160284,32.7883248857941],[-85.139285,32.784921],[-85.134673,32.783905],[-85.129934,32.779649],[-85.126219,32.779189],[-85.123601,32.775711],[-85.122189,32.773353],[-85.130884,32.769562],[-85.13439,32.770577],[-85.137382,32.769068],[-85.140573,32.764036],[-85.142567,32.760682],[-85.139576,32.754308],[-85.136584,32.748437],[-85.134794631893,32.7467952506839],[-85.132196,32.744411],[-85.127604,32.743047],[-85.124092,32.741694],[-85.11855,32.740817],[-85.114795,32.738104],[-85.113329,32.735751],[-85.113167,32.732813],[-85.115038,32.728831],[-85.117338,32.726632],[-85.118838,32.724832],[-85.120838,32.722932],[-85.121505063206,32.7204024261057],[-85.122738,32.715727],[-85.119,32.710057],[-85.119279,32.707715],[-85.119279,32.703966],[-85.117037,32.692033],[-85.1153450674004,32.6873257492588],[-85.114737,32.685634],[-85.112637,32.683434],[-85.104037,32.679634],[-85.093536,32.669734],[-85.088483,32.657758],[-85.089736,32.655635],[-85.096336,32.652835],[-85.100337,32.650135],[-85.105337,32.644835],[-85.102989,32.641033],[-85.100388,32.637118],[-85.096597,32.634667],[-85.091336,32.634036],[-85.086175,32.635362],[-85.083635,32.635973],[-85.082365,32.633834],[-85.084724,32.630472],[-85.0849280451451,32.6303328637042],[-85.088534,32.627874],[-85.089441,32.625429],[-85.0892541511326,32.6250298228741],[-85.088319,32.623032],[-85.087294,32.62047],[-85.08536,32.618536],[-85.083616,32.6178],[-85.08224,32.616264],[-85.080768,32.610152],[-85.0806178512654,32.608095275146],[-85.080288,32.603577],[-85.076399,32.594665],[-85.067535,32.579546],[-85.059672,32.576742],[-85.056926,32.571242],[-85.044364,32.559584],[-85.040555,32.555644],[-85.0350135739157,32.5521061766966],[-85.034841,32.551996],[-85.032071,32.545429],[-85.022509,32.542923],[-85.0225037532255,32.542890445121],[-85.022045,32.540044],[-85.020237,32.534748],[-85.0163482007573,32.5312676880727],[-85.016191,32.531127],[-85.015703243299,32.5301082522337],[-85.013788,32.526108],[-85.008396,32.524876],[-85.0071,32.523868],[-85.0028855676767,32.5169597521885],[-85.001532,32.514741],[-85.0007888680774,32.5101947811796],[-85.0002841081495,32.5071068380909],[-84.999832,32.504341],[-84.997505,32.500728],[-84.9976909182481,32.4992473983285],[-84.998332,32.494142],[-84.996732,32.492342],[-84.9957165356694,32.4889767052696],[-84.994831,32.486042],[-84.9951528890411,32.4773509958904],[-84.995231,32.475242],[-84.9966933747961,32.4726097253671],[-84.998231,32.469842],[-84.9981126856546,32.4650508605839],[-84.9980355773463,32.4619283596395],[-84.998031,32.461743],[-84.995331,32.453243],[-84.9952442623814,32.4531225310853],[-84.9951957038802,32.4530550887225],[-84.993531,32.450743],[-84.983831,32.445643],[-84.971831,32.442843],[-84.967031,32.435343],[-84.96303,32.424244],[-84.963222,32.423428],[-84.9633113901639,32.4230480918033],[-84.96343,32.422544],[-84.97183,32.416244],[-84.979431,32.412244],[-84.9803047142842,32.4073114714284],[-84.981098,32.402833],[-84.979898,32.400097],[-84.973882,32.395217],[-84.968762,32.393009],[-84.96873,32.391457],[-84.971773,32.390599],[-84.976394,32.391025],[-84.978362,32.390497],[-84.983386,32.391761],[-84.985978,32.389665],[-84.9869699000284,32.3875148564601],[-84.988554,32.384081],[-84.986282,32.380336],[-84.979354,32.380705],[-84.973818,32.379873],[-84.971962,32.377698],[-84.97433,32.374578],[-84.977274,32.373842],[-84.980282,32.374386],[-84.98409,32.373522],[-84.986298,32.369666],[-84.985171,32.367062],[-84.983242,32.365122],[-84.983466,32.363186],[-84.986778,32.359058],[-85.0027131522773,32.3466510644312],[-85.004582,32.345196],[-85.008096,32.336677],[-85.007103,32.328362],[-85.001874,32.322015],[-84.989514,32.319316],[-84.9557212929735,32.3069460371336],[-84.93868,32.300708],[-84.9338,32.29826],[-84.922872,32.285333],[-84.911127,32.276949],[-84.904023,32.273749],[-84.893959,32.265846],[-84.891841,32.263398],[-84.88908,32.260911],[-84.8891466552477,32.2597204238197],[-84.889174,32.259232],[-84.892296,32.258272],[-84.898139,32.258608],[-84.901454,32.257424],[-84.90251,32.255233],[-84.904087,32.250838],[-84.907227,32.24905],[-84.910098,32.248333],[-84.917327,32.249049],[-84.923015,32.250822],[-84.924427,32.249797],[-84.924127,32.245649],[-84.923027,32.244549],[-84.920327,32.24405],[-84.917227,32.24595],[-84.913927,32.24515],[-84.912727,32.24335],[-84.916327,32.236551],[-84.920627,32.233951],[-84.922627,32.231751],[-84.9230311580042,32.2308528711019],[-84.923527,32.229751],[-84.922927,32.224751],[-84.9248554111583,32.2222826337174],[-84.925427,32.221551],[-84.928227,32.219851],[-84.930127,32.219051],[-84.939328,32.217951],[-84.949451,32.218511],[-84.956328,32.217851],[-84.9582235136984,32.2179253338705],[-84.961428,32.218051],[-84.967428,32.219351],[-84.972128,32.218251],[-84.978729,32.21255],[-84.980229,32.210051],[-84.980229,32.207751],[-84.977128,32.205751],[-84.974628,32.203651],[-84.972328,32.20355],[-84.969428,32.204451],[-84.966928,32.204451],[-84.963228,32.20225],[-84.962228,32.200051],[-84.961728,32.19865],[-84.964628,32.195152],[-84.966828,32.193952],[-84.973728,32.191552],[-84.995929,32.184852],[-85.008531,32.181903],[-85.011267,32.180493],[-85.013065,32.179112],[-85.014648,32.176882],[-85.026583,32.166104],[-85.030336,32.161727],[-85.033989,32.156348],[-85.045593,32.143758],[-85.047865,32.142033],[-85.058749,32.136018],[-85.061144,32.134065],[-85.06206,32.132486],[-85.06154,32.129673],[-85.05918,32.125153],[-85.055045,32.113671],[-85.053777,32.107684],[-85.04955,32.095362],[-85.047063,32.090433],[-85.045511,32.086867],[-85.047077,32.084347],[-85.051161,32.082527],[-85.053232,32.080604],[-85.055813,32.074439],[-85.055491,32.072657],[-85.054084,32.07021],[-85.054179,32.067985],[-85.056029,32.063055],[-85.05683,32.059755],[-85.05643,32.058055],[-85.05663,32.054155],[-85.05883,32.046656],[-85.05803,32.043756],[-85.055333,32.04058],[-85.054839,32.038814],[-85.054627,32.036694],[-85.055474,32.034221],[-85.056464,32.031819],[-85.056253,32.028336],[-85.055217,32.027213],[-85.0544436067118,32.026652024344],[-85.052814,32.02547],[-85.050601,32.023906],[-85.04931,32.022694],[-85.05014,32.021092],[-85.053669,32.020662],[-85.054768,32.017407],[-85.053815,32.013502],[-85.055075,32.010714],[-85.063441,32.00414],[-85.064544,32.002489],[-85.06803,31.993357],[-85.0680981818182,31.991857],[-85.06833,31.986757],[-85.07093,31.981658],[-85.06993,31.978358],[-85.066829,31.974758],[-85.065929,31.972458],[-85.065929,31.971158],[-85.067829,31.967358],[-85.07023,31.965658],[-85.07393,31.964158],[-85.08323,31.962458],[-85.08573,31.960758],[-85.08673,31.959158],[-85.08683,31.957758],[-85.08243,31.945358],[-85.07893,31.941459],[-85.07893,31.940159],[-85.08473,31.937359],[-85.08643,31.935959],[-85.09183,31.928859],[-85.09823,31.926259],[-85.09953,31.925259],[-85.10023,31.924059],[-85.10133,31.918659],[-85.10243,31.917359],[-85.10913,31.914359],[-85.113131,31.911859],[-85.112731,31.909859],[-85.10983,31.90806],[-85.109775,31.904143],[-85.111558,31.901254],[-85.11063,31.89686],[-85.11203,31.89476],[-85.114031,31.89336],[-85.117031,31.89286],[-85.121131,31.89326],[-85.132931,31.89306],[-85.134131,31.89216],[-85.134331,31.89146],[-85.1343160680101,31.8914127153652],[-85.133731,31.88956],[-85.131631,31.88676],[-85.1297857547641,31.8833101936895],[-85.129331,31.88246],[-85.128431,31.87966],[-85.128431,31.87756],[-85.1284798,31.8774136],[-85.128831,31.87636],[-85.133731,31.870061],[-85.135831,31.862461],[-85.137431,31.860661],[-85.140131,31.858761],[-85.140731,31.857461],[-85.140231,31.855261],[-85.138031,31.851262],[-85.137731,31.845861],[-85.138331,31.844161],[-85.141331,31.841061],[-85.141831,31.839261],[-85.139231,31.834161],[-85.135931,31.830462],[-85.133083,31.828666],[-85.13262,31.826833],[-85.134315,31.824608],[-85.133647,31.822306],[-85.131761981986,31.8184448059333],[-85.131331,31.817562],[-85.131531,31.813062],[-85.132931,31.808062],[-85.1328473916616,31.8003700328662],[-85.132831,31.798862],[-85.132231,31.795162],[-85.132931,31.792363],[-85.137131,31.788363],[-85.14180656,31.78212892],[-85.141931,31.781963],[-85.1409509602038,31.7804602723125],[-85.140431,31.779663],[-85.130731,31.772263],[-85.12633,31.768863],[-85.12523,31.767063],[-85.12563,31.764463],[-85.1269541364676,31.7623302614517],[-85.129231,31.758663],[-85.12663,31.752463],[-85.12393,31.747564],[-85.11893,31.732664],[-85.11913,31.730964],[-85.12223,31.722764],[-85.12573,31.718864],[-85.12653,31.716764],[-85.12683,31.708965],[-85.1261360634263,31.7014918368987],[-85.12553,31.694965],[-85.12233,31.691265],[-85.11393,31.686865],[-85.11263,31.685165],[-85.10943,31.677465],[-85.092429,31.659966],[-85.087829,31.657866],[-85.08546,31.657028],[-85.083161,31.656403],[-85.079925,31.655287],[-85.078632,31.653309],[-85.078513,31.651685],[-85.080301,31.650772],[-85.082267,31.650366],[-85.0830537084557,31.6486699475309],[-85.085173,31.644101],[-85.085365,31.642186],[-85.085173,31.640749],[-85.084503,31.639026],[-85.082829,31.637967],[-85.080029,31.636867],[-85.073829,31.629567],[-85.067628,31.625267],[-85.065236,31.624351],[-85.059534,31.621717],[-85.058169,31.620227],[-85.057473,31.618624],[-85.0575059086538,31.617563000625],[-85.057527,31.616883],[-85.05833,31.614546],[-85.060418,31.611271],[-85.060552,31.608224],[-85.059696,31.607262],[-85.057314,31.606713],[-85.055976,31.605178],[-85.0560652965444,31.6043006458404],[-85.0560661470677,31.6042922893],[-85.056405,31.600963],[-85.058109,31.593343],[-85.0583387397868,31.5866430659763],[-85.05844,31.58369],[-85.055417,31.578696],[-85.055284,31.577092],[-85.057719,31.573062],[-85.05796,31.57084],[-85.052931,31.56289],[-85.051873,31.557871],[-85.050838,31.555551],[-85.045698,31.548707],[-85.042547,31.545953],[-85.041881,31.544684],[-85.041305,31.540987],[-85.041813,31.537754],[-85.042983,31.5352],[-85.047196,31.528671],[-85.048263,31.526012],[-85.047649,31.523751],[-85.044556,31.520908],[-85.044986,31.51823],[-85.045495582904,31.5171292698553],[-85.045642,31.516813],[-85.0479257132954,31.5142636818047],[-85.048445,31.513684],[-85.052951,31.506518],[-85.058923,31.495989],[-85.062105,31.488017],[-85.065687,31.484122],[-85.071621,31.468384],[-85.069268,31.453472],[-85.066703,31.447286],[-85.065955,31.442979],[-85.065554,31.439543],[-85.065875,31.430586],[-85.06697,31.428594],[-85.069083,31.427619],[-85.072689,31.428278],[-85.073978,31.427179],[-85.075523,31.424761],[-85.075827,31.421506],[-85.076746,31.415971],[-85.0790388749968,31.4128071012008],[-85.079818,31.411732],[-85.079978,31.410472],[-85.077387,31.402844],[-85.077626,31.39888],[-85.078641,31.39636],[-85.080403,31.393932],[-85.082431,31.38454],[-85.08691,31.374474],[-85.0871444124615,31.3740326428487],[-85.092167,31.364576],[-85.092487,31.362881],[-85.092619,31.357474],[-85.091791,31.355207],[-85.09099,31.354428],[-85.087413,31.354428],[-85.085918,31.353146],[-85.085864,31.35019],[-85.0859458208434,31.349516257559],[-85.087063,31.340317],[-85.08781,31.337981],[-85.089411,31.336033],[-85.088983,31.334292],[-85.084152,31.328313],[-85.083776,31.31821],[-85.084469,31.316194],[-85.087404,31.311223],[-85.087651,31.308677],[-85.087695,31.304053],[-85.089774,31.295026],[-85.09316,31.289688],[-85.099107,31.284165],[-85.0998151895073,31.2840112491625],[-85.110309,31.281733],[-85.112762,31.280037],[-85.114601,31.277333],[-85.114548,31.276302],[-85.112546,31.274378],[-85.111905,31.272477],[-85.111983,31.267987],[-85.113261,31.264343],[-85.112352,31.25958],[-85.111711,31.258022],[-85.109149,31.254609],[-85.106182,31.248077],[-85.10426,31.241869],[-85.102472,31.23786],[-85.100765,31.234813],[-85.098844,31.232524],[-85.096763,31.225651],[-85.098707,31.219511],[-85.098704,31.211286],[-85.09977,31.209751],[-85.105631,31.204595],[-85.106963,31.202693],[-85.108133,31.195637],[-85.107744625537,31.189854815531],[-85.107516,31.186451],[-85.106503,31.185305],[-85.104424,31.18565],[-85.102052,31.184734],[-85.098507,31.180153],[-85.098426,31.17777],[-85.100447,31.166727],[-85.100207,31.16549],[-85.092106,31.160293],[-85.083582,31.15963],[-85.0826174523208,31.1593395178154],[-85.077801,31.157889],[-85.076628,31.156927],[-85.0757293765372,31.155777481201],[-85.070181,31.14868],[-85.064028,31.142495],[-85.06243,31.139518],[-85.061072,31.134225],[-85.0559310298199,31.1234470504763],[-85.0559012903933,31.1233847023148],[-85.054677,31.120818],[-85.052867,31.119489],[-85.050178,31.118916],[-85.0470614668667,31.1165514332678],[-85.040513,31.111583],[-85.037079,31.109751],[-85.035615,31.108192],[-85.032832,31.10057],[-85.029736,31.096163],[-85.026068,31.08418],[-85.028333,31.076851],[-85.0284731949453,31.0755261577669],[-85.028573,31.074583],[-85.018148,31.059253],[-85.012642,31.055402],[-85.011392,31.053546],[-85.0105796139522,31.0510315768793],[-85.008816,31.045573],[-85.008552,31.042824],[-85.009409,31.032378],[-85.005051,31.024701],[-85.004549,31.01918],[-85.00006,31.014983],[-84.999428,31.013843],[-84.999626,31.009079],[-85.001366,31.005044],[-85.002499,31.000682],[-85.024108,31.000681],[-85.027512,31.00067],[-85.030107,31.000653],[-85.031155,31.000647],[-85.0408003991627,31.0006184319616],[-85.052088,31.000585],[-85.054802,31.000585],[-85.057534,31.000585],[-85.1172047745361,31.0006593342114],[-85.128033175869,31.0006728235733],[-85.145835,31.000695],[-85.152085,31.000888],[-85.152218,31.000834],[-85.154452,31.000835],[-85.2034099786264,31.0008618999882],[-85.2400920010687,31.0008820549456],[-85.243632,31.000884],[-85.3129421786429,30.9998072207559],[-85.328920402131,30.9995589885374],[-85.3290575307526,30.999556858154],[-85.3817482781607,30.9987382727128],[-85.4075437687336,30.9983375227886],[-85.4882980060804,30.9970829525603],[-85.4926481766373,30.9970153697975],[-85.4979920209678,30.9969323496585],[-85.498272,30.996928],[-85.5832890482388,30.9963746299939],[-85.5833993142329,30.9963739122803],[-85.6314371471168,30.9960612373942],[-85.6462550538674,30.9959647886781],[-85.6524690241305,30.9959243423813],[-85.6922076032916,30.9956656867558],[-85.727091,30.9954386331725],[-85.7416280289593,30.9953440126702],[-85.749619,30.995292],[-85.749932,30.994837],[-85.7606559398741,30.9947346972681],[-85.772671867107,30.9946200694171],[-85.8311224511907,30.9940624707638],[-85.8311249866156,30.9940624465767],[-85.893543,30.993467],[-85.9358369815805,30.9932267573073],[-85.9358412897118,30.9932267328358],[-85.9656625094903,30.9930573392277],[-85.9972899798363,30.9928776855665],[-85.998643,30.99287],[-86.035039,30.99332],[-86.052462,30.993247],[-86.056213,30.993133],[-86.116918,30.992917],[-86.1327395143734,30.9931803018294],[-86.162886,30.993682],[-86.168979,30.993706],[-86.175204,30.993798],[-86.180232,30.994005],[-86.1872472578628,30.9940490694821],[-86.238335,30.99437],[-86.256448,30.993853],[-86.2711934199209,30.9938282736944],[-86.2888491620992,30.9937986671265],[-86.2890657988644,30.9937983038526],[-86.289247,30.993798],[-86.2977247035736,30.9939255880856],[-86.304596,30.994029],[-86.3091205623614,30.99406095874],[-86.3225459271826,30.9941557873022],[-86.3340424591783,30.9942369917695],[-86.3485063167533,30.994339155609],[-86.350230280186,30.9943513326318],[-86.364907,30.994455],[-86.36927,30.994477],[-86.374545,30.994474],[-86.3886460004315,30.9941810207682],[-86.388647,30.994181],[-86.391937,30.994172],[-86.404912,30.994049],[-86.454704,30.993791],[-86.458319,30.993998],[-86.49995,30.99334],[-86.512834,30.9937],[-86.519938,30.993245],[-86.5424879807519,30.9942704232822],[-86.563436,30.995223],[-86.567586,30.995109],[-86.6277543822176,30.9947526807274],[-86.664681,30.994534],[-86.678383,30.994537],[-86.6883130015449,30.9945961283541],[-86.706261,30.994703],[-86.725379,30.996872],[-86.727293,30.996882],[-86.728392,30.996739],[-86.74524,30.99629],[-86.785692460564,30.9969741853795],[-86.785918,30.996978],[-86.830497,30.997401],[-86.831934,30.997378],[-86.872989,30.997631],[-86.888135,30.997577],[-86.9062578463152,30.9976350113795],[-86.92781,30.997704],[-86.998477,30.998661],[-87.004359,30.999316],[-87.0241722401182,30.9992628697183],[-87.027107,30.999255],[-87.036366,30.999348],[-87.0364585303448,30.999354282767],[-87.039989,30.999594],[-87.053737,30.999131],[-87.064063,30.999191],[-87.068633,30.999143],[-87.0709929924211,30.9991563407215],[-87.0761079929049,30.999185255135],[-87.0969117097547,30.9993028557637],[-87.1150729857602,30.9994055190278],[-87.118873,30.999427],[-87.124969,30.998802],[-87.140755,30.999532],[-87.1505897595909,30.9993173890697],[-87.162614,30.999055],[-87.1636472414627,30.9990236362357],[-87.1636528320332,30.9990234665355],[-87.1748002724822,30.9986850890056],[-87.224746,30.997169],[-87.237685,30.996393],[-87.2383167408441,30.9964621097818],[-87.2399697516361,30.9966429421853],[-87.2499289302495,30.9977324342892],[-87.25498,30.998285],[-87.255592,30.998216],[-87.257002,30.998194],[-87.25796,30.998263],[-87.259689,30.998172],[-87.26054,30.998195],[-87.265564,30.998267],[-87.2664842854257,30.9982700753722],[-87.2762740065311,30.9983027902622],[-87.288905,30.998345],[-87.290995,30.998352],[-87.2977209676648,30.9984041688752],[-87.301567,30.998434],[-87.30403,30.998191],[-87.312183,30.998435],[-87.333973,30.998272],[-87.3478772559728,30.9982540449584],[-87.355656,30.998244],[-87.3638727343641,30.9982184302701],[-87.364011,30.998218],[-87.367842,30.998292],[-87.425774,30.99809],[-87.432292,30.998205],[-87.449811,30.998272],[-87.455705,30.998318],[-87.458658,30.998386],[-87.461638,30.998202],[-87.461783,30.998201],[-87.466827,30.998178],[-87.466879,30.998178],[-87.4778008656509,30.9982103214084],[-87.478706,30.998213],[-87.479703,30.998197],[-87.480243,30.998202],[-87.4837736214982,30.9981466275723],[-87.4884222032622,30.9980737216384],[-87.4983756803156,30.9979176164912],[-87.514910818753,30.9976582879967],[-87.51952,30.997586],[-87.548543,30.997927],[-87.571281,30.99787],[-87.598928,30.997457],[-87.599172,30.995722],[-87.596722,30.98761],[-87.593395,30.982959],[-87.592676,30.98014],[-87.594164,30.977572],[-87.5941266776319,30.976700910013],[-87.594111,30.976335],[-87.593046,30.972966],[-87.590917,30.969414],[-87.589187,30.964464],[-87.592055,30.951492],[-87.59689,30.941131],[-87.598299,30.938793],[-87.600691,30.937074],[-87.602684,30.934277],[-87.607811,30.92449],[-87.608262,30.9219],[-87.6102,30.916628],[-87.611847,30.914541],[-87.614209,30.908536],[-87.614951,30.904226],[-87.616013,30.901453],[-87.620715,30.89893],[-87.622203,30.897508],[-87.622519,30.89368],[-87.620922,30.889923],[-87.620788,30.887494],[-87.622062,30.885408],[-87.6244,30.884696],[-87.629454,30.880115],[-87.629987,30.877686],[-87.6348442887866,30.866109347267],[-87.634938,30.865886],[-87.628245,30.860131],[-87.626228,30.857127],[-87.62538,30.854355],[-87.626497,30.85188],[-87.627323,30.847961],[-87.626075,30.846494],[-87.624137,30.845713],[-87.617281,30.840353],[-87.615367,30.837031],[-87.615923,30.834693],[-87.610982,30.832632],[-87.605776,30.831304],[-87.60357,30.828624],[-87.60163,30.82514],[-87.600486,30.820627],[-87.594297,30.816984],[-87.58787,30.815037],[-87.581869,30.812403],[-87.576849,30.808163],[-87.572043,30.800532],[-87.56814,30.799088],[-87.564209,30.796246],[-87.560068,30.792258],[-87.559484,30.790447],[-87.554838,30.787125],[-87.552954,30.786941],[-87.552051,30.786254],[-87.545044,30.778666],[-87.545364,30.774105],[-87.54616,30.77202],[-87.54226,30.767504],[-87.537085,30.76253],[-87.536528,30.761383],[-87.535416,30.75476],[-87.535365,30.749775],[-87.532607,30.743489],[-87.523613,30.738306],[-87.511729,30.733535],[-87.505153,30.726313],[-87.502317,30.72159],[-87.498482281574,30.7204185023051],[-87.497515,30.720123],[-87.496772,30.720353],[-87.487036,30.7185],[-87.481225,30.716508],[-87.479819,30.71495],[-87.479579,30.712865],[-87.474429,30.706586],[-87.470397,30.705281],[-87.467717,30.701683],[-87.466338,30.700835],[-87.456948,30.69756],[-87.451404,30.699806],[-87.449362,30.698913],[-87.44358,30.694604],[-87.44228,30.692679],[-87.4401022024296,30.6907361149007],[-87.439814,30.690479],[-87.436021,30.688668],[-87.430372,30.688645],[-87.424883,30.683374],[-87.419527,30.679981],[-87.412739,30.678055],[-87.406958,30.675165],[-87.406561,30.674019],[-87.407118,30.671796],[-87.405874,30.666616],[-87.400707,30.657148],[-87.400177,30.657217],[-87.397262,30.654351],[-87.396177,30.650454],[-87.397185,30.648117],[-87.395941,30.643968],[-87.393588,30.63088],[-87.3936159919869,30.6303001018331],[-87.3937572497219,30.6273737250124],[-87.393775,30.627006],[-87.394479,30.625192],[-87.395659,30.623372],[-87.39643,30.617734],[-87.39643,30.616909],[-87.395053,30.6159],[-87.395026,30.615281],[-87.397308,30.608728],[-87.39927,30.605611],[-87.401178,30.604397],[-87.404597,30.603389],[-87.406558,30.599928],[-87.408736,30.583701],[-87.412464599042,30.5738787297872],[-87.4124710380697,30.573861767419],[-87.412712,30.573227],[-87.414513,30.573456],[-87.416261,30.572448],[-87.418354,30.570043],[-87.418513,30.569561],[-87.416951,30.568003],[-87.41666,30.566306],[-87.418647,30.561837],[-87.420925,30.560668],[-87.422408,30.560439],[-87.422805,30.561379],[-87.423362,30.561425],[-87.426037,30.560073],[-87.427891,30.554159],[-87.431441,30.550263],[-87.434963,30.549599],[-87.43544,30.54914],[-87.446586,30.527068],[-87.4464721004875,30.5222240471467],[-87.446427,30.520306],[-87.444944,30.514943],[-87.445182,30.51398],[-87.446499,30.513569],[-87.447305,30.512629],[-87.447782,30.511913],[-87.447702,30.510458],[-87.444714,30.507494],[-87.44322,30.506782],[-87.43969,30.506649],[-87.438269,30.505357],[-87.431178,30.495795],[-87.430578,30.491096],[-87.432978,30.484896],[-87.4347654303216,30.4818711179173],[-87.435578,30.480496],[-87.434678,30.479196],[-87.431578,30.477696],[-87.430578,30.476596],[-87.429578,30.470596],[-87.425078,30.465596],[-87.414677,30.457296],[-87.407877,30.456396],[-87.404677,30.452897],[-87.399877,30.450997],[-87.396877,30.450597],[-87.391976,30.451597],[-87.381176,30.450097],[-87.3782686358461,30.449194175159],[-87.370768,30.446865],[-87.36868,30.444631],[-87.366939,30.44048],[-87.366591,30.436648],[-87.3676121661119,30.4345795003946],[-87.368191,30.433407],[-87.371169,30.43049],[-87.382076,30.422897],[-87.3843547694845,30.4216251286598],[-87.386376,30.420497],[-87.395676,30.417597],[-87.398776,30.415098],[-87.401777,30.411398],[-87.403477,30.410198],[-87.4047733501918,30.4098619092095],[-87.408877,30.408798],[-87.413177,30.408998],[-87.419177,30.410198],[-87.422677,30.410098],[-87.426177,30.409198],[-87.429578,30.406498],[-87.430680166419,30.4048447503715],[-87.4306855384615,30.4048366923077],[-87.431778,30.403198],[-87.434278,30.397498],[-87.437278,30.395898],[-87.4383930064683,30.3944550504528],[-87.440678,30.391498],[-87.441178,30.388598],[-87.440878,30.386698],[-87.438678,30.382098],[-87.438678,30.380798],[-87.441823,30.376304],[-87.449078,30.370399],[-87.451378,30.367199],[-87.451878,30.364999],[-87.451978,30.360299],[-87.450962,30.346262],[-87.452278,30.344099],[-87.459978,30.3363],[-87.462978,30.334],[-87.464878,30.3333],[-87.4672695874252,30.3328753652829],[-87.475579,30.3314],[-87.491879,30.3309],[-87.4920423204518,30.3308608280906],[-87.49998,30.328957],[-87.502572,30.327405],[-87.504701,30.324039],[-87.505943,30.319396],[-87.5058411579151,30.3150873925325],[-87.50578,30.3125],[-87.5050022455784,30.3099553289424],[-87.50468,30.308901],[-87.50278,30.307301],[-87.5023015499663,30.3071617220507],[-87.494879,30.305001],[-87.483679,30.304801],[-87.481879,30.306001],[-87.475879,30.3079],[-87.468678,30.3082],[-87.465778,30.3076],[-87.462978,30.3078],[-87.459578,30.3083],[-87.455578,30.3102],[-87.450078,30.3111],[-87.452378,30.300201],[-87.49998,30.287901],[-87.50548,30.287101],[-87.51838,30.283901],[-87.5183643805646,30.2829342685194],[-87.5183423750478,30.2815722842093],[-87.518324,30.280435],[-87.5241849433393,30.279146],[-87.543923,30.274805],[-87.5488386853542,30.2736369328588],[-87.5527352179064,30.2727110372184],[-87.558665,30.271302],[-87.565044,30.271745],[-87.574075,30.27088],[-87.581362,30.269257],[-87.58220920799,30.2690501417708],[-87.6381702453453,30.2553864355415],[-87.641641,30.254539],[-87.659984,30.250594],[-87.681806,30.248265],[-87.689212074905,30.2470504419917],[-87.702703,30.244838],[-87.73553,30.240679],[-87.736472447708,30.2405150317797],[-87.80056,30.229365],[-87.8007598925694,30.2293535028283],[-87.8282340300667,30.2277732796278],[-87.8314807693541,30.2275865377238],[-87.838462,30.227185],[-87.926119,30.230373],[-87.962253,30.229522],[-87.999996,30.225753],[-88.013607,30.22349],[-88.021364,30.223334],[-88.027678,30.223645],[-88.02858,30.226763],[-88.023991,30.23039],[-88.011734,30.232448],[-87.966847,30.235618],[-87.948979,30.256564],[-87.936041,30.261469],[-87.918247,30.253308],[-87.913762,30.247837],[-87.90046,30.241531],[-87.893201,30.239237],[-87.879343,30.23859],[-87.860085,30.240289],[-87.8229357244899,30.2525747046188],[-87.817743,30.254292],[-87.802087,30.253054],[-87.78775,30.254244],[-87.7860993460644,30.2549303584071],[-87.780364143592,30.2573151129268],[-87.7716415610064,30.2609420499608],[-87.768003,30.262455],[-87.755959,30.277661],[-87.752316,30.281576],[-87.752166558366,30.2817558527887],[-87.7518665961384,30.2821168568923],[-87.747171,30.287768],[-87.747207,30.290848],[-87.7497396234461,30.292125861146],[-87.750277,30.292397],[-87.756143,30.292328],[-87.772758,30.311701],[-87.796717,30.324198],[-87.809266,30.332702],[-87.82988,30.353809],[-87.8316973556865,30.3567783875959],[-87.83454,30.361423],[-87.837479,30.368144],[-87.83774,30.370548],[-87.837353,30.371802],[-87.837107,30.375086],[-87.8371931337561,30.3754978579601],[-87.837368,30.376334],[-87.839609,30.377227],[-87.843861,30.378169],[-87.849378,30.378069],[-87.853806,30.378481],[-87.865017,30.38345],[-87.906343,30.40938],[-87.908908,30.41424],[-87.9100506889949,30.4212132880055],[-87.914136,30.446144],[-87.9176827375353,30.4608850714763],[-87.919543,30.4686167577608],[-87.920031,30.470645],[-87.9207225101149,30.4724211883704],[-87.921278,30.473848],[-87.925159,30.477434],[-87.93203,30.48165],[-87.936969,30.483105],[-87.93398386069,30.4864939085373],[-87.933716,30.486798],[-87.926565,30.496724],[-87.925026,30.503019],[-87.921715,30.509245],[-87.921681,30.50945],[-87.9216821040699,30.5096065143402],[-87.921522,30.511366],[-87.920862,30.5124604940152],[-87.920603,30.51289],[-87.91595,30.517517],[-87.9121185925156,30.5241544414125],[-87.9118111674871,30.5246870173976],[-87.911141,30.525848],[-87.9087506201345,30.5306790574791],[-87.908589880799,30.5310039183852],[-87.9061611048235,30.5359125760053],[-87.905343,30.537566],[-87.9043798413513,30.5410964325688],[-87.9040599823432,30.5422688673084],[-87.9039226716451,30.5427721760433],[-87.9021722477051,30.5491883087284],[-87.901711,30.550879],[-87.9022704453484,30.5543185528829],[-87.9023251643136,30.5546549731875],[-87.9024221084337,30.555251],[-87.9025903722628,30.5562855109489],[-87.904168,30.565985],[-87.907891,30.573114],[-87.911431,30.576261],[-87.9125755064963,30.5793883437085],[-87.9145903513082,30.5848938714326],[-87.914956,30.585893],[-87.9138098132658,30.6000204838113],[-87.9128520483503,30.6118255483224],[-87.91253,30.615795],[-87.913976,30.620094],[-87.917748,30.624142],[-87.9208759189459,30.6264720410038],[-87.921437,30.62689],[-87.921326,30.629379],[-87.9188325176001,30.6306026617803],[-87.918571,30.630731],[-87.919120021973,30.6345061459277],[-87.919346,30.63606],[-87.924664,30.641537],[-87.925375,30.648894],[-87.929841,30.650341],[-87.93107,30.652694],[-87.931705,30.654362],[-87.936717,30.657432],[-87.955989,30.658862],[-87.9604964261525,30.6617044070161],[-87.970897781531,30.6682635572949],[-87.985559,30.677509],[-87.9861324344368,30.6775719532526],[-87.990578,30.67806],[-88.0034050569878,30.6812227498357],[-88.005812172042,30.6818162688907],[-88.006898,30.682084],[-88.0089012750009,30.6834340138575],[-88.011412,30.685126],[-88.020105,30.675666],[-88.021801,30.668625],[-88.023981,30.660006],[-88.026036,30.65856],[-88.02919,30.65904],[-88.034588,30.653715],[-88.038407,30.647898],[-88.044716,30.649917],[-88.0504871600114,30.6470892897996],[-88.051647,30.646521],[-88.058066,30.645538],[-88.061877,30.643586],[-88.059681,30.640198],[-88.056013,30.637547],[-88.054693,30.63376],[-88.058507,30.629973],[-88.060293,30.626562],[-88.059598,30.619091],[-88.053998,30.612491],[-88.0589078939134,30.6084115629206],[-88.059053,30.608291],[-88.059104,30.603961],[-88.0605006951967,30.5989906042595],[-88.0612,30.596502],[-88.064898,30.588292],[-88.074898,30.578892],[-88.083106,30.572842],[-88.085625,30.569915],[-88.0872670721837,30.5654490490018],[-88.0874119213592,30.565055102057],[-88.087655,30.564394],[-88.0871276817068,30.5641169261882],[-88.085493,30.563258],[-88.0852889930346,30.5623663379769],[-88.0849284846215,30.560790648342],[-88.081617,30.546317],[-88.082792,30.528713],[-88.0897608275368,30.5242001971768],[-88.090734,30.52357],[-88.0915676568704,30.5224337931017],[-88.100874,30.50975],[-88.103768,30.500903],[-88.1036982616205,30.500199],[-88.102988,30.493029],[-88.1003016477382,30.4833842887921],[-88.096867,30.471053],[-88.100646,30.46122],[-88.106437,30.452738],[-88.1063768712011,30.4520917995834],[-88.10407,30.4273],[-88.107274,30.377246],[-88.115432,30.35657],[-88.124611,30.341623],[-88.128052,30.338509],[-88.131387,30.334312],[-88.134468,30.327865],[-88.137269,30.320048],[-88.138267,30.313257],[-88.139037,30.312793],[-88.13998,30.31322],[-88.144676,30.321196],[-88.145386,30.324339],[-88.144519,30.326856],[-88.146318,30.330989],[-88.152087,30.33049],[-88.156248,30.327574],[-88.173386,30.326002],[-88.191583,30.318684],[-88.195664,30.321242],[-88.195561,30.323819],[-88.193224,30.326038],[-88.194042,30.330475],[-88.195776,30.33271],[-88.196613,30.337433],[-88.198361,30.338819],[-88.196353,30.343586],[-88.188532,30.345053],[-88.188527,30.348124],[-88.18718,30.352616],[-88.188023,30.356193],[-88.187858,30.358829],[-88.187104,30.362699],[-88.1897962500773,30.3629526683256],[-88.193663,30.363317],[-88.196264,30.36348],[-88.200065,30.362378],[-88.204495,30.362102],[-88.209231,30.360017],[-88.214072,30.365558],[-88.216461,30.367599],[-88.224536,30.371307],[-88.230886,30.371625],[-88.234466,30.371715],[-88.238748,30.373505],[-88.239957,30.374899],[-88.241041757723,30.3752903664424],[-88.260695,30.382381],[-88.265637,30.381093],[-88.267531,30.381085],[-88.2708,30.381447],[-88.2717858169306,30.381566031043],[-88.275449825652,30.3820084364898],[-88.282635,30.382876],[-88.287392,30.384252],[-88.288105,30.387328],[-88.292265,30.387328],[-88.2926965894487,30.3872290834439],[-88.29987,30.385585],[-88.303554,30.379229],[-88.303317,30.37318],[-88.304743,30.371334],[-88.311517,30.370206],[-88.314607,30.371437],[-88.31223,30.376563],[-88.314844,30.384457],[-88.315082,30.391633],[-88.321143,30.396348],[-88.326134,30.397783],[-88.331957,30.401166],[-88.338018,30.404753],[-88.343735,30.401988],[-88.350021,30.405061],[-88.357362,30.406623],[-88.360499,30.403239],[-88.359608,30.400395],[-88.364022,30.388006],[-88.374671,30.385608],[-88.395023,30.369425],[-88.3995810543803,30.458217280556],[-88.4003178648367,30.4725705715224],[-88.4004023553571,30.4742164724636],[-88.4004035205078,30.4742391699529],[-88.4019654852472,30.5046667163986],[-88.402283,30.510852],[-88.403547,30.5331],[-88.403931,30.543359],[-88.4040045380663,30.5448844664734],[-88.404009002644,30.5449770792376],[-88.404013,30.54506],[-88.4041884107507,30.5489854409314],[-88.404676680269,30.5599122122086],[-88.4060104917735,30.589761],[-88.4072614102945,30.6177547617505],[-88.407484,30.622736],[-88.407462,30.631653],[-88.4080643348131,30.6369204575682],[-88.408066668182,30.6369408630328],[-88.40807,30.63697],[-88.4093860777232,30.6648180643348],[-88.409571,30.668731],[-88.411339,30.706334],[-88.41155,30.712956],[-88.412209,30.730395],[-88.41227,30.731771],[-88.4124506012791,30.7355976173844],[-88.4148111125415,30.7856126199293],[-88.4181272847116,30.8558763641312],[-88.4182537702715,30.8585563664258],[-88.4184588469464,30.8629015735763],[-88.4184764744795,30.8632750694073],[-88.41863,30.866528],[-88.419562,30.875186],[-88.4256361537673,30.9983011286609],[-88.425729,31.000183],[-88.425807,31.001123],[-88.4304196826215,31.0853230573691],[-88.4315836253162,31.1065697048645],[-88.432007,31.114298],[-88.4335076962076,31.1427912908627],[-88.438104,31.23006],[-88.438211,31.231252],[-88.43898,31.246896],[-88.43878,31.252654],[-88.4391512235642,31.2586381679242],[-88.4397086327595,31.2676236703237],[-88.4403875099455,31.2785672511539],[-88.441096449965,31.289995448429],[-88.4438082387429,31.3337098054522],[-88.4441564504755,31.3393230199194],[-88.445182,31.355855],[-88.445209,31.355969],[-88.448686,31.420888],[-88.44866,31.421277],[-88.449569225455,31.4358288007726],[-88.4495695963996,31.4358347375977],[-88.451045,31.459448],[-88.451575,31.481533],[-88.453013,31.500164],[-88.4532906795915,31.5053820569557],[-88.4535741066828,31.5107081188993],[-88.4536095981131,31.511375061341],[-88.4563306535853,31.5625081761439],[-88.4577716424541,31.5895867307762],[-88.459478,31.621652],[-88.459722,31.624002],[-88.4606299357415,31.6382646801284],[-88.4638529086848,31.6888940694711],[-88.464425,31.697881],[-88.4644269792809,31.6979519029488],[-88.465107,31.722312],[-88.46819722538,31.7816613313433],[-88.468669,31.790722],[-88.4690535330784,31.8002251898712],[-88.4698254016609,31.8193008275882],[-88.471106,31.850949],[-88.471214,31.851385],[-88.472642,31.875153],[-88.473227,31.893856]]]]}},{"type":"Feature","properties":{"STUSPS":"GA","NAME":"Georgia"},"geometry":{"type":"MultiPolygon","coordinates":[[[[-81.279391,31.30792],[-81.277159,31.311215],[-81.273709,31.311735],[-81.270664,31.310521],[-81.271882,31.304105],[-81.27655,31.305666],[-81.279391,31.305839],[-81.279391,31.30792]]],[[[-85.605165,34.984678],[-85.552592573439,34.984030204665],[-85.5185512072723,34.9836107483142],[-85.5142012711736,34.9835571485758],[-85.4741053158651,34.9830630878201],[-85.466713,34.982972],[-85.458016991852,34.9829735956759],[-85.4322977392349,34.9829783150358],[-85.4316950039315,34.9829784256348],[-85.4104543280962,34.9829823231972],[-85.4091820039556,34.9829825566626],[-85.4091621645212,34.982982560303],[-85.4076208652895,34.982982843124],[-85.3949217146443,34.9829851733575],[-85.384967,34.982987],[-85.3795129685238,34.9830875399189],[-85.3652390998717,34.9833506652057],[-85.3647577149925,34.9833595390813],[-85.363919,34.983375],[-85.3453656990581,34.9837083207743],[-85.3443920925259,34.9837258121784],[-85.3424738733792,34.983760274094],[-85.3332660962799,34.9839256971313],[-85.3274289802791,34.9840305642938],[-85.3274249646424,34.984030636437],[-85.308257,34.984375],[-85.3054619936306,34.984474821656],[-85.305457,34.984475],[-85.301488,34.984475],[-85.3010011577055,34.9844872616262],[-85.2946458897122,34.9846473256169],[-85.2945,34.984651],[-85.286906607921,34.9847961994236],[-85.2857788368556,34.9848177644511],[-85.2811480110122,34.984906314237],[-85.277556,34.984975],[-85.275856,34.984975],[-85.2736617462214,34.9849953152836],[-85.2731093102487,34.9850004299579],[-85.2730879695178,34.985000627539],[-85.2730809884471,34.9850006921726],[-85.2730202430754,34.9850012545776],[-85.265055,34.985075],[-85.254955,34.985175],[-85.2548141529975,34.9851771780464],[-85.2422877096243,34.9853708859336],[-85.2421827037588,34.9853725097356],[-85.235555,34.985475],[-85.2304104194756,34.985475],[-85.230354,34.985475],[-85.227925,34.985475],[-85.221854,34.985475],[-85.220554,34.985575],[-85.217854,34.985675],[-85.216554,34.985675],[-85.216540001526,34.9856751461552],[-85.2013615575317,34.985833621214],[-85.1956951984211,34.9858927825216],[-85.1923138909067,34.9859280860684],[-85.185905,34.985995],[-85.180553,34.986075],[-85.1804830084624,34.9860754177673],[-85.1752494260489,34.986106656111],[-85.1543747388847,34.9862312534903],[-85.1438855336063,34.9862938617334],[-85.1406016386636,34.9863134627315],[-85.1388242543242,34.9863240716297],[-85.1268743935569,34.9863953982715],[-85.1266971177727,34.9863964563998],[-85.0960922455071,34.9865791315626],[-85.0960883213421,34.9865791549853],[-85.0836083174295,34.9866536459593],[-85.0648372260983,34.9867656873407],[-85.0465051379299,34.9868751083885],[-85.045183,34.986883],[-85.045052,34.986859],[-84.9804339282338,34.9876400627155],[-84.97986,34.987647],[-84.9769733744412,34.9876687952914],[-84.955623,34.98783],[-84.94442,34.987864],[-84.943897982795,34.9878693079575],[-84.939306,34.987916],[-84.9308601816224,34.9879024636463],[-84.9307801715066,34.9879023354118],[-84.9306999996684,34.9879022069181],[-84.8915259314742,34.9878394215232],[-84.8865270634525,34.987831409695],[-84.861314,34.987791],[-84.8581900936794,34.9877481676464],[-84.858032,34.987746],[-84.831799,34.988004],[-84.82401,34.987707],[-84.820478,34.987913],[-84.817279,34.987753],[-84.810742,34.987615],[-84.8104769358134,34.9876071739714],[-84.809184,34.987569],[-84.808127,34.987592],[-84.7760979567258,34.9877980359959],[-84.7758524571709,34.9877996152421],[-84.7384852993597,34.9880399901889],[-84.731022,34.988088],[-84.727434,34.98802],[-84.6822800735513,34.9880014980838],[-84.624933,34.987978],[-84.621483,34.988329],[-84.5682403464334,34.9881768058865],[-84.509886,34.98801],[-84.509052,34.988033],[-84.4553745021529,34.9880315892781],[-84.394903,34.98803],[-84.393935,34.988068],[-84.3879166754106,34.9880963938385],[-84.3828895619546,34.9881201112444],[-84.3718905549759,34.9881720034317],[-84.3557090157874,34.9882483462747],[-84.3404889252359,34.9883201531016],[-84.321869,34.988408],[-84.261405591696,34.9881237829326],[-84.2159698513842,34.9879102056099],[-84.1811950059163,34.9877467413779],[-84.129555,34.987504],[-84.1294520756424,34.9875038108939],[-84.0967346193064,34.9874436980988],[-84.0911549550839,34.987433446409],[-84.0736378892792,34.9874012617618],[-84.029954,34.987321],[-84.021357,34.98743],[-84.0052593484451,34.9874404516631],[-83.9632700855174,34.9874677138777],[-83.936646,34.987485],[-83.936427258766,34.9874845938068],[-83.9224214646691,34.9874585856434],[-83.8924005930423,34.9874028381627],[-83.8920415632966,34.9874021714597],[-83.8583190932463,34.9873395502683],[-83.831097,34.987289],[-83.8001396483121,34.9874422542163],[-83.790893490234,34.9874880272761],[-83.7908631964688,34.9874881772452],[-83.749893,34.987691],[-83.7185387888912,34.9874257486066],[-83.619985,34.986592],[-83.6199877505729,34.9866676270022],[-83.620185,34.992091],[-83.5575772638084,34.992445580281],[-83.549381,34.992492],[-83.4829524283476,34.9934833880905],[-83.4829517221393,34.99348339863],[-83.3823179143146,34.9949852698292],[-83.3818328432647,34.9949925090886],[-83.3817917572378,34.9949931222615],[-83.3814019093981,34.9949989403981],[-83.3677567653944,34.9952025821884],[-83.3555623364007,34.9953845733312],[-83.3550015154849,34.9953929430908],[-83.3538881147216,34.9954095596193],[-83.3513186765425,34.9954479062275],[-83.3371106576176,34.9956599484316],[-83.3229104089595,34.9958718746713],[-83.322768,34.995874],[-83.2968581242502,34.9965751980759],[-83.2889210603535,34.9967899985631],[-83.19041,34.999456],[-83.1738561945905,34.9998390986807],[-83.11315,35.001244],[-83.109557,35.001197],[-83.108613,35.000659],[-83.102867,34.997257],[-83.102524,34.995304],[-83.103592,34.993839],[-83.098831,34.991955],[-83.098381,34.991123],[-83.098968,34.990101],[-83.101341,34.989944],[-83.102859,34.988708],[-83.101677,34.98658],[-83.103378,34.986093],[-83.107124,34.983227],[-83.105766,34.981503],[-83.108429,34.979679],[-83.110025,34.980635],[-83.111275,34.981003],[-83.112097,34.979401],[-83.110855,34.976315],[-83.111796,34.975534],[-83.115631,34.975811],[-83.116623,34.975315],[-83.115402,34.973637],[-83.120387,34.968406],[-83.12211,34.964329],[-83.12162,34.962766],[-83.115929,34.960308],[-83.115921,34.959141],[-83.120109,34.959169],[-83.120028,34.957478],[-83.114693,34.952656],[-83.114021,34.950912],[-83.114922,34.950428],[-83.11805,34.952957],[-83.120346,34.953186],[-83.124528,34.955044],[-83.126587,34.954861],[-83.127035,34.953778],[-83.124855,34.951431],[-83.127556,34.949482],[-83.123877,34.946047],[-83.121574,34.942524],[-83.116928,34.942734],[-83.111725,34.935863],[-83.112801,34.934723],[-83.118065,34.935951],[-83.119087,34.933178],[-83.120819,34.933048],[-83.126617,34.938263],[-83.12759,34.938491],[-83.131645,34.935883],[-83.13179,34.935337],[-83.129885,34.932351],[-83.130554,34.930932],[-83.140621,34.924915],[-83.143261,34.924756],[-83.156235,34.930984],[-83.159187,34.928833],[-83.157705,34.923509],[-83.158019,34.920117],[-83.156447,34.917058],[-83.157208,34.914934],[-83.160683,34.915136],[-83.165558,34.919426],[-83.169087,34.918777],[-83.171851,34.913649],[-83.175087,34.910076],[-83.180786,34.909607],[-83.180871,34.904708],[-83.189278,34.897255],[-83.19165,34.896885],[-83.194374,34.899567],[-83.197571,34.895016],[-83.197287,34.892654],[-83.196775,34.890733],[-83.198601,34.890385],[-83.199358,34.892571],[-83.203069,34.893855],[-83.204788,34.890755],[-83.201019,34.884789],[-83.206253,34.879677],[-83.209976,34.880043],[-83.21199,34.882366],[-83.214722,34.883842],[-83.212746,34.887859],[-83.214485,34.88847],[-83.217506,34.885674],[-83.217422,34.882381],[-83.218293,34.881698],[-83.219887,34.881111],[-83.219398,34.878769],[-83.21994,34.878113],[-83.2281033814607,34.8795845227599],[-83.228744,34.8797],[-83.232017,34.877944],[-83.235794,34.877895],[-83.239929,34.878876],[-83.243126,34.877392],[-83.240463,34.872723],[-83.234703,34.870743],[-83.237877,34.868877],[-83.238609,34.865452],[-83.243251,34.866033],[-83.246719,34.867002],[-83.248054,34.863117],[-83.246343,34.860025],[-83.248283,34.858456],[-83.246361,34.856533],[-83.246933,34.855007],[-83.253319,34.855923],[-83.252576,34.85168],[-83.253762,34.848057],[-83.248592,34.846073],[-83.250163,34.844597],[-83.2541526915192,34.8442764964656],[-83.25569,34.844153],[-83.260554,34.845224],[-83.26089,34.84822],[-83.266306,34.849044],[-83.268767,34.844539],[-83.272426,34.834718],[-83.26734,34.832372],[-83.267805,34.826136],[-83.269638,34.82336],[-83.268318,34.821125],[-83.271797,34.818043],[-83.27669,34.816894],[-83.282272,34.820244],[-83.284812,34.823043],[-83.28865,34.824673],[-83.291077,34.823193],[-83.289955,34.818459],[-83.294716,34.815731],[-83.294647,34.813602],[-83.296051,34.813114],[-83.300011,34.815247],[-83.298988,34.817551],[-83.300568,34.818661],[-83.303131,34.818745],[-83.306663,34.81485],[-83.304245,34.811024],[-83.299797,34.810062],[-83.299761,34.807881],[-83.301182,34.804008],[-83.303223,34.802208],[-83.313782,34.799911],[-83.313835,34.796833],[-83.320518,34.793045],[-83.320335,34.79068],[-83.323866,34.789712],[-83.3238928710523,34.7895007216206],[-83.32415,34.787479],[-83.321213,34.779041],[-83.322662,34.777622],[-83.318977,34.771309],[-83.322983,34.766094],[-83.319321,34.76487],[-83.323213,34.760579],[-83.318939,34.758331],[-83.31974,34.757008],[-83.325897,34.756474],[-83.327194,34.754597],[-83.326309,34.750839],[-83.33242,34.748989],[-83.332718,34.746099],[-83.338692,34.742069],[-83.338965,34.738436],[-83.345444,34.738453],[-83.349075,34.736633],[-83.350426,34.732689],[-83.351041460714,34.7318110936638],[-83.353416,34.728424],[-83.352798,34.717445],[-83.352323003113,34.7161716266489],[-83.351006,34.712641],[-83.349788,34.708274],[-83.3480016937475,34.7059669960026],[-83.346649,34.70422],[-83.3479,34.70293],[-83.351852,34.701698],[-83.35391,34.699219],[-83.352943,34.697056],[-83.343147,34.693947],[-83.340134,34.691483],[-83.338631,34.688949],[-83.338234,34.687187],[-83.342617,34.682991],[-83.341373,34.681358],[-83.3389,34.680039],[-83.330284,34.681342],[-83.325336,34.679517],[-83.321463,34.677543],[-83.318524,34.674773],[-83.316863,34.669872],[-83.314394,34.668944],[-83.308917,34.670273],[-83.304641,34.669561],[-83.301477,34.666582],[-83.301214,34.66326],[-83.293183,34.654296],[-83.284682,34.650196],[-83.282082,34.649696],[-83.279429,34.647871],[-83.27938438087,34.6477489232383],[-83.27852,34.645384],[-83.270882,34.641596],[-83.262282,34.640296],[-83.254481,34.637096],[-83.251781,34.633796],[-83.247681,34.630896],[-83.246481,34.626897],[-83.240669,34.624507],[-83.243481,34.618197],[-83.2382970322322,34.6157839770671],[-83.238209,34.615743],[-83.231339,34.611187],[-83.227244,34.611136],[-83.2270891506237,34.6110733313601],[-83.223335,34.609554],[-83.216403,34.611011],[-83.208831,34.610705],[-83.199079,34.607998],[-83.196979,34.605998],[-83.197379,34.603198],[-83.195179,34.603398],[-83.1887669410126,34.6057561874221],[-83.186478,34.606598],[-83.180778,34.607498],[-83.169678,34.607398],[-83.164278,34.604398],[-83.159954,34.603464],[-83.159077,34.602198],[-83.160689,34.599474],[-83.164277,34.600898],[-83.170078,34.599598],[-83.170278,34.592398],[-83.168278,34.590998],[-83.158877,34.589598],[-83.154577,34.588198],[-83.154545,34.58694],[-83.157777,34.583799],[-83.159177,34.580999],[-83.158677,34.578999],[-83.153677,34.578699],[-83.143176,34.573399],[-83.139876,34.567999],[-83.1400708432729,34.5662874893731],[-83.140515,34.562386],[-83.1380230974282,34.561378278649],[-83.133376,34.559499],[-83.129676,34.561699],[-83.127176,34.561999],[-83.122901,34.560129],[-83.122052,34.558028],[-83.124256,34.554997],[-83.121894,34.552338],[-83.117212,34.552539],[-83.110248,34.547056],[-83.110507,34.545109],[-83.108618,34.541545],[-83.104969,34.540942],[-83.103451,34.538623],[-83.1032564413114,34.5366582495709],[-83.102852,34.532574],[-83.096858,34.531524],[-83.0928583383738,34.5328466640683],[-83.092564,34.532944],[-83.084855,34.530967],[-83.077934,34.524765],[-83.077782,34.524063],[-83.081779,34.521736],[-83.086861,34.517798],[-83.0871584815714,34.5161119687765],[-83.087189,34.515939],[-83.079842,34.514454],[-83.079472550425,34.514099307696],[-83.078415,34.513084],[-83.07737,34.509224],[-83.074005,34.505466],[-83.069451,34.502131],[-83.065796,34.501041],[-83.057843,34.503711],[-83.054463,34.50289],[-83.053101,34.501324],[-83.053476,34.497261],[-83.05286,34.495326],[-83.0514253854757,34.4939187486955],[-83.051025,34.493526],[-83.048767,34.493599],[-83.045244,34.491183],[-83.04358,34.489086],[-83.03336,34.48309],[-83.029315,34.484147],[-83.0285766940068,34.4838124378605],[-83.01526,34.477778],[-82.999195,34.472447],[-82.9987003668182,34.4724513378306],[-82.99509,34.472483],[-82.995279,34.475648],[-82.992671,34.479072],[-82.9922169848413,34.4792078005883],[-82.979746,34.482938],[-82.977402,34.481754],[-82.974917,34.47935],[-82.966448,34.482351],[-82.964241,34.484571],[-82.963242,34.484363],[-82.958548,34.479554],[-82.955706,34.478901],[-82.948228,34.480492],[-82.947806,34.482074],[-82.943987,34.485515],[-82.937155,34.486382],[-82.930823,34.485649],[-82.926156,34.481651],[-82.920736,34.482339],[-82.917736,34.484168],[-82.9074963299706,34.4858103962556],[-82.901551,34.486764],[-82.892593,34.48119],[-82.887398,34.480959],[-82.880793,34.471886],[-82.8809533890095,34.4708727287505],[-82.881174,34.469479],[-82.873869,34.464467],[-82.871846,34.461189],[-82.865345,34.460319],[-82.858837,34.45522],[-82.860124,34.45284],[-82.856827,34.443422],[-82.8555468010538,34.44174459647],[-82.855483,34.441661],[-82.854011,34.428818],[-82.849626,34.425678],[-82.8485666561728,34.4232247622178],[-82.846906,34.419379],[-82.848028,34.418329],[-82.847446,34.412049],[-82.8465739674696,34.4101471371914],[-82.8415263477843,34.3991385110032],[-82.84145,34.398972],[-82.841997,34.392503],[-82.841357,34.390135],[-82.836673,34.383142],[-82.835975,34.380909],[-82.835206,34.371718],[-82.8348825670129,34.367338717355],[-82.834806,34.366302],[-82.833317,34.363952],[-82.826728,34.360525],[-82.824905,34.360413],[-82.815641,34.353908],[-82.81377,34.353935],[-82.81285,34.351831],[-82.79875,34.341904],[-82.794701,34.34058],[-82.793539,34.338295],[-82.791235,34.331048],[-82.792064,34.326759],[-82.7912764935941,34.3248307094068],[-82.790167,34.322114],[-82.787239,34.310778],[-82.781768,34.302413],[-82.781812,34.297917],[-82.773771725269,34.2887156346273],[-82.771688,34.286331],[-82.766075,34.282066],[-82.762329,34.281952],[-82.761108,34.280399],[-82.753914,34.275452],[-82.750641,34.27113],[-82.746656,34.266407],[-82.748535,34.2641],[-82.747712,34.260701],[-82.745825,34.258356],[-82.745633471567,34.2551712830338],[-82.7456330955476,34.2551650306174],[-82.745567,34.254066],[-82.743004,34.251381],[-82.743088,34.247982],[-82.74472,34.246311],[-82.74443,34.242004],[-82.743492,34.239895],[-82.742081,34.228962],[-82.744354,34.225925],[-82.744003,34.224407],[-82.740505,34.220012],[-82.740356,34.218632],[-82.74238,34.213766],[-82.7420185021942,34.2117486731798],[-82.741653,34.209709],[-82.732544,34.194519],[-82.731698,34.190735],[-82.732193,34.181347],[-82.731773,34.17804],[-82.730415,34.175327],[-82.725409,34.169774],[-82.723312,34.165895],[-82.7211327258493,34.1601800369147],[-82.717459,34.150546],[-82.715333,34.148203],[-82.70414,34.141007],[-82.699758,34.139318],[-82.69553,34.138815],[-82.692152,34.138986],[-82.690386,34.138293],[-82.68629,34.134454],[-82.67873,34.132393],[-82.67522,34.129779],[-82.668277,34.119784],[-82.666879,34.113591],[-82.661851,34.107754],[-82.660322,34.106897],[-82.658849,34.103962],[-82.656033,34.102531],[-82.654233,34.100634],[-82.648831,34.099129],[-82.641641,34.09209],[-82.640259,34.086541],[-82.643179,34.080951],[-82.6442277621104,34.0799721211071],[-82.64522,34.079046],[-82.6455437299794,34.0768437552419],[-82.645661,34.076046],[-82.643759,34.072306],[-82.640518,34.067883],[-82.635437,34.06509],[-82.633995,34.064964],[-82.630972,34.065528],[-82.626963,34.063457],[-82.624641,34.060261],[-82.621406,34.058018],[-82.620384,34.053917],[-82.619155,34.051316],[-82.612932,34.046785],[-82.610611,34.041458],[-82.607414,34.038071],[-82.600184,34.032985],[-82.596008,34.03093],[-82.594192,34.028866],[-82.593789,34.026736],[-82.595534,34.020479],[-82.595497,34.015865],[-82.5945005539168,34.0139247009851],[-82.592674,34.010368],[-82.588552,33.999768],[-82.586234,33.997151],[-82.583394,33.995286],[-82.576248,33.993009],[-82.575249,33.991433],[-82.575882,33.989953],[-82.579613,33.98726],[-82.580571,33.98514],[-82.580459,33.982133],[-82.578851,33.978631],[-82.576669,33.9759],[-82.574159,33.97355],[-82.569077,33.969887],[-82.566201,33.964771],[-82.5657,33.958682],[-82.564582,33.95581],[-82.5645307378126,33.9557408056418],[-82.556835,33.945353],[-82.554497,33.943819],[-82.543128,33.940949],[-82.53977,33.941551],[-82.534111,33.943651],[-82.526741,33.943765],[-82.524515,33.94336],[-82.51295,33.936969],[-82.50764,33.931456],[-82.503584,33.926048],[-82.496109,33.913459],[-82.492929,33.909754],[-82.480111,33.901897],[-82.469913,33.892838],[-82.459391,33.886386],[-82.4592057252664,33.8861812727163],[-82.455105,33.88165],[-82.448109,33.877543],[-82.440503,33.875123],[-82.438644,33.873919],[-82.433503,33.869007],[-82.429164,33.865844],[-82.424888,33.864133],[-82.420618,33.86375],[-82.408353,33.86632],[-82.405585,33.866024],[-82.402197,33.864656],[-82.395735,33.859088],[-82.3905963495986,33.8571876465681],[-82.390527,33.857162],[-82.384973,33.854428],[-82.379771,33.851096],[-82.373301,33.84475],[-82.36878,33.84231],[-82.3581955590332,33.8385989788961],[-82.3563272057241,33.8379439137319],[-82.351185,33.836141],[-82.346199,33.833829],[-82.337829,33.827156],[-82.32448,33.820033],[-82.321887,33.816777],[-82.3164620767861,33.8126987706077],[-82.31435,33.811111],[-82.312436,33.807155],[-82.303454,33.803263],[-82.300213,33.800627],[-82.29928,33.798939],[-82.298864,33.793166],[-82.299601,33.786483],[-82.299009,33.784475],[-82.297479,33.782974],[-82.294984,33.781868],[-82.292468,33.782406],[-82.288652,33.781635],[-82.284087,33.778781],[-82.2782062784164,33.7725854036891],[-82.277681,33.772032],[-82.270445,33.767913],[-82.267719,33.767651],[-82.265019,33.765742],[-82.264044,33.762843],[-82.260041,33.760431],[-82.255595,33.759876],[-82.247472,33.752591],[-82.245408,33.742926],[-82.243244,33.740116],[-82.2412656599398,33.7357050555917],[-82.239098,33.730872],[-82.239497,33.72933],[-82.238758,33.725206],[-82.237311,33.721893],[-82.235753,33.71439],[-82.237192,33.70788],[-82.2354,33.70438],[-82.234576,33.700216],[-82.225684,33.691434],[-82.2249766254359,33.6909176718711],[-82.218649,33.686299],[-82.217124,33.684344],[-82.213165,33.677211],[-82.210826,33.670604],[-82.209803,33.669276],[-82.199847,33.661758],[-82.1998364489623,33.6613204484682],[-82.199747,33.657611],[-82.201186,33.646898],[-82.196583,33.630582],[-82.189141,33.623722],[-82.179854,33.615945],[-82.176172,33.613775],[-82.1641775557543,33.6110421141831],[-82.158331,33.60971],[-82.156288,33.60863],[-82.153357,33.606319],[-82.15106,33.600956],[-82.148816,33.598092],[-82.1450507828929,33.5956760279195],[-82.142872,33.594278],[-82.1349345326631,33.5911001264047],[-82.133523,33.590535],[-82.12908,33.589925],[-82.125864,33.590741],[-82.1232210073782,33.5927400073782],[-82.120385,33.594885],[-82.115809,33.596597],[-82.1153200453067,33.5965957838839],[-82.109376,33.596581],[-82.10624,33.595637],[-82.098816,33.586358],[-82.096352,33.58407],[-82.094128,33.582742],[-82.0930722666944,33.5824036565551],[-82.087488,33.580614],[-82.0760685882146,33.5781497442866],[-82.073104,33.57751],[-82.069039,33.575382],[-82.057727,33.566774],[-82.054943,33.565382],[-82.048959,33.56487],[-82.0483569035187,33.5646313641995],[-82.046335,33.56383],[-82.037375,33.554662],[-82.0364949169577,33.5527087834417],[-82.034895,33.549158],[-82.033023,33.546454],[-82.028238,33.544934],[-82.023438,33.540734],[-82.023438,33.537935],[-82.019838,33.535035],[-82.0124735862371,33.5321069800702],[-82.011538,33.531735],[-82.010038,33.530435],[-82.007638,33.523335],[-82.007138,33.522835],[-82.004338,33.521935],[-82.0037342172839,33.5215727303704],[-82.001338,33.520135],[-81.9952654624459,33.5099925702553],[-81.991938,33.504435],[-81.990382,33.500759],[-81.9906090848967,33.4980944282989],[-81.990938,33.494235],[-81.989338,33.490036],[-81.985938,33.486536],[-81.9817263359971,33.4845497408023],[-81.980637,33.484036],[-81.9736409037617,33.4826564880657],[-81.973537,33.482636],[-81.967037,33.480636],[-81.9554095205317,33.4756130417578],[-81.9554034562685,33.475610422055],[-81.946437,33.471737],[-81.941737,33.470037],[-81.934136,33.468337],[-81.929436,33.465837],[-81.926336,33.462937],[-81.9259490917096,33.4621609965463],[-81.92480792125,33.4598722055332],[-81.919436,33.449098],[-81.914812,33.443498],[-81.913532,33.441274],[-81.9133068548415,33.4396430839627],[-81.913126,33.438333],[-81.9142071194007,33.435492723512],[-81.914282,33.435296],[-81.916972,33.432592],[-81.920716,33.430986],[-81.928326,33.42991],[-81.930798,33.429034],[-81.932308,33.426587],[-81.931742,33.424506],[-81.924893,33.419307],[-81.921068,33.417419],[-81.910765,33.415035],[-81.909629,33.412603],[-81.910496,33.410312],[-81.912367,33.40809],[-81.91775,33.4072],[-81.921276,33.408597],[-81.923859,33.41046],[-81.924766,33.412418],[-81.929454,33.407756],[-81.93139,33.406956],[-81.934766,33.406796],[-81.940782,33.408742],[-81.943149,33.409034],[-81.944893,33.407962],[-81.945629,33.405835],[-81.944476,33.403674],[-81.938108,33.39993],[-81.935085,33.397243],[-81.930861,33.380076],[-81.9262497964804,33.3755321580192],[-81.924837,33.37414],[-81.925737,33.37114],[-81.930634,33.368165],[-81.934637,33.36894],[-81.939637,33.37254],[-81.943737,33.37234],[-81.946337,33.37064],[-81.946737,33.36734],[-81.944737,33.364041],[-81.935313,33.356789],[-81.934812,33.35376],[-81.9381655223778,33.3497431141906],[-81.939837,33.347741],[-81.939737,33.344941],[-81.937237,33.343641],[-81.932737,33.343541],[-81.926817,33.345284],[-81.92346,33.344898],[-81.919278,33.340338],[-81.914937,33.343742],[-81.913025,33.346886],[-81.910174,33.347011],[-81.90893,33.346268],[-81.908437,33.343842],[-81.910137,33.342342],[-81.914243,33.341839],[-81.915512,33.340778],[-81.916337,33.338642],[-81.918929,33.33496],[-81.9188984821592,33.3344564556267],[-81.918837,33.333442],[-81.912737,33.329842],[-81.908137,33.327142],[-81.909137,33.323942],[-81.912937,33.321742],[-81.913737,33.320042],[-81.912137,33.319142],[-81.909092,33.319983],[-81.90613,33.32162],[-81.906037,33.326042],[-81.904132,33.327286],[-81.902613,33.330258],[-81.903637,33.334842],[-81.901954,33.335876],[-81.900635,33.33503],[-81.899568,33.332817],[-81.896937,33.330542],[-81.896937,33.327642],[-81.899271,33.325417],[-81.898588,33.322905],[-81.895537,33.321642],[-81.891023,33.322491],[-81.889161,33.321092],[-81.890037,33.318943],[-81.892737,33.316743],[-81.892537,33.315343],[-81.890537,33.314843],[-81.885237,33.317443],[-81.882536,33.317043],[-81.881536,33.314043],[-81.884637,33.309243],[-81.881937,33.305443],[-81.881237,33.302543],[-81.879437,33.302343],[-81.875836,33.307443],[-81.869247,33.313768],[-81.866536,33.313743],[-81.8663049724473,33.3134686547812],[-81.864936,33.311843],[-81.864036,33.307843],[-81.864636,33.303343],[-81.863929,33.302036],[-81.86206,33.302482],[-81.860536,33.304943],[-81.8576,33.307114],[-81.856064,33.309852],[-81.853652,33.310326],[-81.851733,33.308745],[-81.847636,33.307143],[-81.846036,33.304343],[-81.849636,33.299544],[-81.848736,33.296744],[-81.850336,33.296444],[-81.852536,33.299344],[-81.860036,33.299144],[-81.862036,33.296944],[-81.861636,33.293744],[-81.863336,33.289244],[-81.860736,33.285844],[-81.851583,33.283544],[-81.848236,33.283844],[-81.846191,33.284325],[-81.844536,33.282944],[-81.844136,33.278844],[-81.839145,33.273899],[-81.836336,33.274445],[-81.833501,33.276072],[-81.83252,33.275556],[-81.832665,33.27429],[-81.835536,33.271445],[-81.835236,33.266545],[-81.836036,33.263545],[-81.835336,33.262345],[-81.833352,33.262286],[-81.83054,33.264381],[-81.828887,33.264079],[-81.828336,33.263045],[-81.828836,33.262045],[-81.831077,33.260803],[-81.834408,33.258378],[-81.836436,33.259445],[-81.837436,33.261845],[-81.838454,33.262852],[-81.840799,33.263277],[-81.842669,33.264522],[-81.843862,33.266621],[-81.84691,33.266599],[-81.848136,33.264545],[-81.846336,33.258445],[-81.844736,33.257445],[-81.841536,33.257245],[-81.839836,33.256145],[-81.840036,33.254645],[-81.845136,33.252545],[-81.849826,33.252921],[-81.852565,33.25141],[-81.852937,33.248744],[-81.8517222609795,33.2476993244424],[-81.848637,33.245046],[-81.846536,33.241746],[-81.837936,33.238346],[-81.831736,33.233546],[-81.8315651013874,33.2333301280683],[-81.827936,33.228746],[-81.819636,33.226646],[-81.811736,33.223847],[-81.809236,33.222147],[-81.808136,33.219447],[-81.807936,33.213746],[-81.80649,33.212126],[-81.803936,33.211347],[-81.798236,33.211647],[-81.790236,33.208447],[-81.784535,33.208147],[-81.778935,33.209847],[-81.777535,33.211347],[-81.777635,33.215347],[-81.781035,33.219847],[-81.780135,33.221147],[-81.777735,33.221846],[-81.774035,33.221147],[-81.767935,33.216347],[-81.767235,33.212747],[-81.765302,33.209502],[-81.763535,33.203648],[-81.761635,33.201748],[-81.758235,33.200248],[-81.7570833221477,33.1981218255034],[-81.756935,33.197848],[-81.759535,33.194747],[-81.760635,33.189248],[-81.762835,33.188248],[-81.765935,33.187848],[-81.767735,33.184648],[-81.766935,33.182049],[-81.764935,33.179549],[-81.766135,33.177849],[-81.768635,33.178449],[-81.771735,33.181548],[-81.772435,33.180949],[-81.766735,33.171449],[-81.768135,33.168249],[-81.767635,33.167249],[-81.764435,33.165549],[-81.763135,33.159449],[-81.754135,33.15055],[-81.750035,33.14735],[-81.746335,33.14605],[-81.744535,33.14215],[-81.736635,33.13765],[-81.729534,33.13375],[-81.724334,33.129451],[-81.721734,33.126451],[-81.7211084274733,33.126143701215],[-81.716034,33.123651],[-81.711134,33.121651],[-81.704634,33.11645],[-81.696934,33.116551],[-81.677033,33.11065],[-81.671833,33.107751],[-81.658433,33.103152],[-81.646433,33.094552],[-81.642333,33.093152],[-81.637232,33.092952],[-81.632232,33.093952],[-81.614994,33.095551],[-81.6140572675171,33.0951883214361],[-81.611657,33.094259],[-81.609965,33.09301],[-81.608286,33.089022],[-81.609533,33.086877],[-81.612943,33.083981],[-81.612903,33.081024],[-81.610696,33.079946],[-81.606836,33.081717],[-81.603587,33.084578],[-81.602534,33.086807],[-81.60132,33.087049],[-81.596501,33.079893],[-81.596835,33.078559],[-81.598991,33.076682],[-81.603298,33.07509],[-81.603243,33.074419],[-81.600948,33.072815],[-81.596025,33.072693],[-81.593586,33.069496],[-81.592645,33.06991],[-81.592517,33.073062],[-81.590856,33.072736],[-81.58741,33.069943],[-81.584361,33.069902],[-81.582975,33.068575],[-81.583804,33.067021],[-81.583103,33.06496],[-81.57875,33.066195],[-81.577187,33.065939],[-81.57716,33.064335],[-81.580994,33.062697],[-81.580252,33.061762],[-81.574911,33.061799],[-81.574505,33.060049],[-81.578332,33.058936],[-81.577044,33.05725],[-81.572829,33.058636],[-81.571309,33.056873],[-81.573243,33.054903],[-81.571905,33.053987],[-81.56989,33.054501],[-81.566311,33.05343],[-81.563016,33.05581],[-81.564566,33.058039],[-81.566949,33.059597],[-81.56699,33.060401],[-81.565687,33.061049],[-81.563992,33.060844],[-81.559399,33.054904],[-81.558938,33.052921],[-81.559173,33.051765],[-81.560344,33.050036],[-81.565043,33.049694],[-81.566108,33.048792],[-81.561948,33.045844],[-81.553146,33.043196],[-81.551786,33.04339],[-81.546522,33.048838],[-81.543758,33.048559],[-81.542135,33.046919],[-81.5417333250364,33.0456858148391],[-81.540081,33.040613],[-81.538789,33.039185],[-81.535498,33.038489],[-81.53072,33.040864],[-81.529142,33.040812],[-81.528438,33.039882],[-81.528786,33.036872],[-81.528451,33.035646],[-81.522653,33.030789],[-81.519632,33.029181],[-81.513231,33.028546],[-81.511245,33.027786],[-81.510586,33.025805],[-81.51169,33.024506],[-81.514024,33.023663],[-81.517594,33.023991],[-81.519075,33.023196],[-81.518385,33.021586],[-81.516073,33.020833],[-81.513715,33.020574],[-81.511334,33.021465],[-81.510282,33.021233],[-81.50822,33.01751],[-81.508919,33.015665],[-81.511569,33.012283],[-81.51069,33.010315],[-81.508218,33.010527],[-81.507405,33.011538],[-81.50568,33.015974],[-81.504053,33.016253],[-81.50203,33.015113],[-81.499768,33.012254],[-81.496637,33.010224],[-81.492253,33.009342],[-81.491419,33.008078],[-81.491899,33.006694],[-81.496125,33.005482],[-81.498753,33.005065],[-81.50023,33.003455],[-81.50063,33.001955],[-81.49983,33.000655],[-81.495707,32.999465],[-81.492737,32.999108],[-81.491197,32.997824],[-81.4912127515191,32.997679388938],[-81.491457,32.995437],[-81.492252,32.99351],[-81.495034,32.991723],[-81.496138,32.990913],[-81.49642,32.989615],[-81.495996,32.988295],[-81.494329,32.98626],[-81.494345,32.985084],[-81.495504,32.983534],[-81.494736,32.978997],[-81.497837,32.973011],[-81.499471,32.96478],[-81.49983,32.963816],[-81.501369,32.962914],[-81.505026,32.963561],[-81.507568,32.965591],[-81.507847,32.968854],[-81.508839,32.969368],[-81.510802,32.968525],[-81.511347,32.966721],[-81.510046,32.96097],[-81.510009,32.957326],[-81.508609,32.952551],[-81.504016,32.948091],[-81.499446,32.944988],[-81.499566,32.943722],[-81.502716,32.938688],[-81.502427,32.935353],[-81.499829,32.932614],[-81.495092,32.931596],[-81.492067,32.927824],[-81.489604,32.927039],[-81.483198,32.921802],[-81.484439,32.918825],[-81.487258,32.917851],[-81.487049,32.914772],[-81.481298,32.914585],[-81.480008,32.913444],[-81.481444,32.908895],[-81.479184,32.905638],[-81.479374,32.902333],[-81.480865,32.900218],[-81.480812,32.898614],[-81.475535,32.896724],[-81.472142,32.893814],[-81.470649,32.895043],[-81.471616,32.900005],[-81.468978,32.901083],[-81.465924,32.899889],[-81.464069,32.897814],[-81.464655,32.895999],[-81.468277,32.892276],[-81.465933,32.889452],[-81.467104,32.888999],[-81.471703,32.890439],[-81.4771,32.887469],[-81.479445,32.881082],[-81.475918,32.877641],[-81.470376,32.876267],[-81.468042,32.876675],[-81.467138,32.880602],[-81.465051,32.880896],[-81.461878,32.87755],[-81.460556,32.875161],[-81.457213,32.873796],[-81.45339,32.87388],[-81.4527227760215,32.8716652649454],[-81.451367,32.867165],[-81.453361,32.863847],[-81.453017,32.859636],[-81.456917,32.852604],[-81.457061,32.850389],[-81.455559,32.846508],[-81.460211,32.847402],[-81.460722,32.846038],[-81.454029,32.8442],[-81.451742,32.844765],[-81.451199,32.847924],[-81.444866,32.850967],[-81.442671,32.850107],[-81.442279,32.848587],[-81.442882,32.845847],[-81.43995,32.840362],[-81.437506,32.840163],[-81.434807,32.843538],[-81.426475,32.840773],[-81.421614,32.835178],[-81.42062,32.831223],[-81.421828,32.829265],[-81.423674,32.828307],[-81.428101,32.828684],[-81.429943,32.828246],[-81.429525,32.827146],[-81.426684,32.825729],[-81.422488,32.822892],[-81.421952,32.821466],[-81.422409,32.820245],[-81.423041,32.819747],[-81.426937,32.819705],[-81.427953,32.81938],[-81.428235,32.818584],[-81.427094,32.81687],[-81.424354,32.816179],[-81.420585,32.818651],[-81.418584,32.818679],[-81.417984,32.818196],[-81.418497,32.815664],[-81.419752,32.813731],[-81.423772,32.810514],[-81.425981,32.811076],[-81.426326,32.809928],[-81.422242,32.803127],[-81.422739,32.80199],[-81.424874,32.801882],[-81.426895,32.802239],[-81.428292,32.800832],[-81.426347,32.798879],[-81.425234,32.79419],[-81.42298,32.793998],[-81.419879,32.794857],[-81.4197,32.793227],[-81.424999,32.790334],[-81.427425,32.78832],[-81.427584,32.786944],[-81.425132,32.786185],[-81.422363,32.785747],[-81.42224,32.783986],[-81.423929,32.782727],[-81.42629,32.782661],[-81.429977,32.785235],[-81.431235,32.784141],[-81.4308691202699,32.7833915315813],[-81.430078,32.781771],[-81.426855,32.779456],[-81.423331,32.778512],[-81.416168,32.779792],[-81.414722,32.779204],[-81.414456,32.778149],[-81.416323,32.775515],[-81.417353,32.773336],[-81.418601,32.772734],[-81.422585,32.772998],[-81.429854,32.772129],[-81.432082,32.770549],[-81.43194,32.768911],[-81.429113,32.767905],[-81.422019,32.768367],[-81.417096,32.766088],[-81.417356,32.763334],[-81.418901,32.761132],[-81.417766,32.760222],[-81.416627,32.760537],[-81.414013,32.764522],[-81.411821,32.763122],[-81.414038,32.755423],[-81.412262,32.754691],[-81.409563,32.756031],[-81.408,32.756154],[-81.408364,32.754686],[-81.411568,32.753117],[-81.413714,32.752833],[-81.416733,32.753276],[-81.418485,32.752189],[-81.419837,32.749797],[-81.418603,32.747991],[-81.410662,32.749316],[-81.405866,32.749144],[-81.405016,32.748284],[-81.404932,32.745559],[-81.4050923155378,32.7449673826847],[-81.405749,32.742544],[-81.407602,32.740334],[-81.409859,32.739517],[-81.41267,32.739083],[-81.413872,32.737477],[-81.411595,32.733852],[-81.412517,32.732432],[-81.414672,32.73208],[-81.417035,32.733085],[-81.418542,32.732586],[-81.418278,32.730922],[-81.41706,32.729675],[-81.416752,32.728762],[-81.417815,32.726582],[-81.417769,32.725074],[-81.415591,32.723531],[-81.410074,32.723096],[-81.409988,32.721863],[-81.410916,32.721207],[-81.418769,32.721851],[-81.420338,32.721051],[-81.420452,32.719847],[-81.41576,32.715882],[-81.41512,32.713669],[-81.416671,32.712283],[-81.420039,32.712423],[-81.421194,32.711978],[-81.422152,32.709742],[-81.425927,32.710037],[-81.426458,32.709017],[-81.424099,32.70756],[-81.424562,32.705329],[-81.427505,32.702242],[-81.426735,32.700867],[-81.422624,32.700861],[-81.420596,32.699834],[-81.418881,32.696212],[-81.41665,32.695506],[-81.413577,32.695472],[-81.412403,32.692095],[-81.410545,32.692512],[-81.410875,32.69686],[-81.409618,32.697046],[-81.407492,32.692332],[-81.405832,32.690461],[-81.406634,32.684863],[-81.404321,32.683762],[-81.401791,32.681175],[-81.4015105028971,32.6798200002153],[-81.401029,32.677494],[-81.403914,32.670642],[-81.403913,32.666877],[-81.397544,32.662591],[-81.397514,32.660213],[-81.400342,32.658488],[-81.403254,32.659464],[-81.404505,32.66264],[-81.4064846308597,32.662524421365],[-81.406646,32.662515],[-81.4073,32.66156],[-81.407193,32.660519],[-81.405273,32.656517],[-81.398314,32.656307],[-81.393818,32.653491],[-81.393033,32.651543],[-81.394589,32.64957],[-81.400027,32.645764],[-81.405109,32.64269],[-81.409858,32.642016],[-81.411816,32.642156],[-81.412553,32.641523],[-81.411827,32.639383],[-81.403634,32.637925],[-81.402735,32.637031],[-81.404213,32.635243],[-81.408197,32.631307],[-81.41026,32.631392],[-81.411523,32.632907],[-81.413411,32.637368],[-81.414761,32.63744],[-81.417014,32.636147],[-81.418431,32.634704],[-81.418116,32.628349],[-81.413087,32.624803],[-81.412515,32.621567],[-81.412966,32.620401],[-81.4113640960966,32.6179476253865],[-81.411222,32.61773],[-81.408441,32.617187],[-81.407517,32.616583],[-81.406464,32.613042],[-81.400427,32.608263],[-81.393865,32.60234],[-81.389338,32.595436],[-81.3892612409816,32.5953827593042],[-81.380999,32.589652],[-81.378173,32.588818],[-81.375694,32.589474],[-81.373962,32.591808],[-81.37157,32.592018],[-81.369757,32.591231],[-81.36888,32.589751],[-81.370284,32.5867],[-81.369819,32.585048],[-81.368386,32.584221],[-81.364501,32.584034],[-81.363593,32.581791],[-81.36711,32.578609],[-81.36695,32.577019],[-81.365203,32.576572],[-81.362937,32.577305],[-81.360168,32.581778],[-81.357749,32.582119],[-81.354118,32.57991],[-81.353698,32.577911],[-81.357803,32.57519],[-81.358321,32.573631],[-81.354797,32.571072],[-81.350761,32.570168],[-81.336242,32.564239],[-81.33319,32.563499],[-81.328605,32.561092],[-81.321807,32.55954],[-81.305236,32.561515],[-81.300593,32.562843],[-81.297955,32.563026],[-81.295588,32.561817],[-81.295481,32.559074],[-81.297958,32.555828],[-81.297866,32.554091],[-81.296691,32.553393],[-81.294829,32.553581],[-81.291762,32.555328],[-81.29116,32.55722],[-81.293113,32.562393],[-81.291289,32.562739],[-81.289573,32.56174],[-81.288467,32.558456],[-81.288344,32.555912],[-81.289962,32.55218],[-81.288879,32.551163],[-81.286468,32.551475],[-81.284721,32.552943],[-81.284243,32.556027],[-81.283271,32.556782],[-81.281324,32.556464],[-81.2812975973478,32.556440280647],[-81.279238,32.55459],[-81.27876,32.55234],[-81.281034,32.549678],[-81.280731,32.547638],[-81.27906,32.546318],[-81.275739,32.545662],[-81.274955,32.544821],[-81.274802,32.541143],[-81.276242,32.538558],[-81.279223493109,32.537725937208],[-81.280051,32.537495],[-81.279905,32.536592],[-81.274174,32.533774],[-81.272428,32.530422],[-81.2683815051824,32.5284550417501],[-81.26603,32.527312],[-81.2626112,32.5251364],[-81.258682,32.522636],[-81.252882,32.51833],[-81.249559,32.517857],[-81.246861,32.518558],[-81.244799,32.520536],[-81.243119,32.520232],[-81.241912,32.517175],[-81.240197,32.516365],[-81.237371,32.517131],[-81.235457,32.518546],[-81.23342,32.517963],[-81.232148,32.513337],[-81.232954,32.511691],[-81.236707,32.511402],[-81.238411,32.510192],[-81.238684,32.506984],[-81.237658,32.505118],[-81.234254,32.502747],[-81.233585,32.498488],[-81.224995,32.491886],[-81.216815,32.482804],[-81.211914,32.478994],[-81.200029,32.467985],[-81.194829,32.465086],[-81.191537,32.464816],[-81.188649,32.465311],[-81.186952,32.463566],[-81.188602,32.461226],[-81.193727,32.459677],[-81.194558,32.457774],[-81.191615,32.455188],[-81.192243,32.453639],[-81.194298,32.453522],[-81.196363,32.455129],[-81.197968,32.453878],[-81.197485,32.44914],[-81.198783,32.44852],[-81.203286,32.452993],[-81.204496,32.452779],[-81.206666,32.448093],[-81.205561,32.4465],[-81.201055,32.446223],[-81.199435,32.444193],[-81.199644,32.441592],[-81.208443,32.437002],[-81.205048,32.425479],[-81.205507,32.423612],[-81.194931,32.411489],[-81.18991,32.407066],[-81.185358,32.400063],[-81.178713,32.393645],[-81.177316,32.389783],[-81.178494,32.384469],[-81.1814950360773,32.3798828150547],[-81.181845,32.379348],[-81.1809835481752,32.3789850708655],[-81.178859,32.37809],[-81.175758,32.375812],[-81.17379,32.373098],[-81.169217,32.370136],[-81.167906,32.368304],[-81.168996,32.365119],[-81.173933,32.363546],[-81.1738528615515,32.3629313601566],[-81.173824,32.36271],[-81.167124,32.361041],[-81.167124,32.358718],[-81.163863,32.35665],[-81.160998,32.355905],[-81.160498,32.353644],[-81.161608,32.35042],[-81.160096,32.348952],[-81.155371,32.350033],[-81.15484,32.349557],[-81.155053,32.344165],[-81.156738,32.342777],[-81.159832,32.342975],[-81.160622,32.341749],[-81.159832,32.339964],[-81.157357,32.34],[-81.154839,32.341551],[-81.152194,32.341443],[-81.151835,32.343023],[-81.148673,32.345322],[-81.145982,32.345018],[-81.145232,32.345844],[-81.147248,32.347493],[-81.147318,32.350127],[-81.1438435823339,32.3515092739977],[-81.143794,32.351529],[-81.141512,32.350324],[-81.139353,32.34508],[-81.135297,32.342989],[-81.134013,32.341209],[-81.129435,32.341552],[-81.128616,32.338623],[-81.128956,32.336452],[-81.131382,32.335875],[-81.133916,32.333314],[-81.135751,32.330281],[-81.137926,32.328662],[-81.136294,32.324999],[-81.133752,32.324291],[-81.131758,32.326369],[-81.130648,32.325408],[-81.131652,32.319505],[-81.129752,32.313969],[-81.130848,32.310982],[-81.133052,32.309011],[-81.131523,32.307277],[-81.12778,32.307216],[-81.124978,32.309159],[-81.122933,32.307295],[-81.122333,32.305395],[-81.122656,32.299509],[-81.123917,32.296411],[-81.123362,32.293844],[-81.120019,32.28994],[-81.1199262844392,32.2876605391397],[-81.1198695377463,32.2862653918284],[-81.119867,32.286203],[-81.122239,32.284242],[-81.12572,32.283656],[-81.126965,32.282698],[-81.127161,32.280786],[-81.125918,32.278756],[-81.123276,32.276975],[-81.123425,32.275051],[-81.125248,32.275035],[-81.127954,32.276466],[-81.13,32.275796],[-81.132126,32.272747],[-81.132531,32.270246],[-81.13349,32.269796],[-81.135577,32.272472],[-81.141925,32.271742],[-81.141747,32.270214],[-81.139575,32.269756],[-81.137639,32.268493],[-81.13693,32.266115],[-81.13839,32.264234],[-81.140206,32.263578],[-81.145336,32.263993],[-81.146602,32.262766],[-81.146639,32.261023],[-81.144732,32.258773],[-81.145062,32.25775],[-81.147518,32.256512],[-81.148334,32.255098],[-81.14573,32.251523],[-81.147107,32.249564],[-81.152894,32.247807],[-81.155595,32.246022],[-81.156587,32.24391],[-81.155883,32.240969],[-81.152379,32.2363],[-81.1514335822047,32.2357338652821],[-81.145771,32.232343],[-81.1454820396299,32.2319269349281],[-81.143634,32.229266],[-81.1446886034838,32.2263392293477],[-81.144813,32.225994],[-81.14806,32.223782],[-81.152153,32.222322],[-81.150836,32.221196],[-81.143139,32.221731],[-81.138435,32.219256],[-81.136717,32.216267],[-81.136727,32.213669],[-81.134084,32.21146],[-81.128283,32.208634],[-81.12315,32.201329],[-81.122061,32.195501],[-81.119802,32.195156],[-81.11589,32.196442],[-81.114016,32.195448],[-81.114117,32.193922],[-81.11623,32.192999],[-81.121584,32.192203],[-81.121554,32.190415],[-81.118234,32.189201],[-81.117934,32.185301],[-81.119834,32.181202],[-81.120452,32.178293],[-81.116381,32.176169],[-81.11393,32.177604],[-81.111933,32.178002],[-81.110234,32.1768],[-81.111132,32.172703],[-81.11384,32.171259],[-81.117748,32.171159],[-81.11901,32.174669],[-81.121189,32.174923],[-81.128134,32.169102],[-81.129746,32.165933],[-81.1297037887199,32.1658837427821],[-81.1295335468197,32.1656850839794],[-81.128434,32.164402],[-81.123134,32.162902],[-81.122034,32.161803],[-81.122137,32.157304],[-81.121116,32.154504],[-81.117969,32.152332],[-81.114298,32.152019],[-81.112236,32.150804],[-81.112234,32.149306],[-81.116236,32.147201],[-81.118334,32.144403],[-81.119134,32.142104],[-81.119943,32.133998],[-81.1183288248554,32.1317474632781],[-81.116128,32.128679],[-81.115242,32.125504],[-81.117225,32.119805],[-81.117234,32.117605],[-81.115367,32.114705],[-81.111134,32.112005],[-81.10894,32.111626],[-81.106703,32.109698],[-81.103325,32.111137],[-81.094976,32.111821],[-81.091245,32.110888],[-81.089484,32.106227],[-81.0870626180666,32.1040477562599],[-81.086974,32.103968],[-81.08827,32.099931],[-81.074306,32.097385],[-81.059551,32.088623],[-81.043543,32.086104],[-81.0398480420317,32.0844877116307],[-81.038125,32.083734],[-81.026262,32.088129],[-81.021623,32.091683],[-81.0200313970042,32.094331445285],[-81.017355,32.098785],[-81.011015,32.10205],[-81.004305,32.102367],[-80.999556,32.100434],[-80.992138,32.094915],[-80.986845,32.084116],[-80.983509,32.079549],[-80.980541,32.077836],[-80.971915,32.074633],[-80.959569,32.072854],[-80.95388,32.070142],[-80.925085,32.041939],[-80.921027,32.03999],[-80.907657,32.038151],[-80.906677,32.034793],[-80.890743,32.030729],[-80.886598,32.02694],[-80.8792744097514,32.0199342882458],[-80.876950492493,32.0177112400004],[-80.875954,32.016758],[-80.866209,32.019377],[-80.859111,32.023693],[-80.855056,32.025463],[-80.852869194975,32.0285795020562],[-80.852725,32.028785],[-80.843456,32.023647],[-80.8410680592676,32.0123393153108],[-80.840917,32.011624],[-80.840378,32.003044],[-80.8418540455096,32.0026584011405],[-80.841913,32.002643],[-80.8427831412142,32.0002040192224],[-80.844504154437,31.9953800686959],[-80.8468823624575,31.9887140200679],[-80.847298,31.987549],[-80.848113343871,31.9873082278049],[-80.8522618323857,31.9860831732951],[-80.8529205527344,31.9858886522471],[-80.858429,31.984262],[-80.859418,31.97382],[-80.862814,31.969346],[-80.881896,31.956683],[-80.897687,31.949065],[-80.921351,31.938733],[-80.928006,31.938532],[-80.929101,31.944964],[-80.930279,31.956705],[-80.932522,31.961926],[-80.9359136484735,31.9625283328747],[-80.942742,31.963741],[-80.9479866014468,31.9618338722012],[-80.949397,31.961321],[-80.948491,31.95723],[-80.972392,31.94127],[-80.9790497328408,31.9406429111314],[-80.984336,31.940145],[-80.983623,31.931674],[-80.9812773529291,31.9292800104746],[-80.975714,31.923602],[-80.968494,31.915822],[-80.954469,31.911768],[-80.941359,31.912984],[-80.930145,31.90807],[-80.947294,31.89621],[-80.971434,31.877941],[-80.99269,31.857641],[-81.000317,31.856744],[-81.0066748493947,31.8615614369046],[-81.014478,31.867474],[-81.028405,31.86814],[-81.031408,31.87293],[-81.041548,31.876198],[-81.0562776243265,31.8767553237027],[-81.065255,31.877095],[-81.0611942207306,31.8653352661914],[-81.058596,31.857811],[-81.05907,31.850106],[-81.06279,31.84474],[-81.076178,31.836132],[-81.075812,31.829031],[-81.067282,31.826126],[-81.062116,31.821071],[-81.052313,31.819049],[-81.050946,31.822383],[-81.04794,31.824881],[-81.039808,31.823],[-81.036958,31.819558],[-81.034724,31.816423],[-81.035913,31.810364],[-81.046371,31.80087],[-81.070376,31.771374],[-81.07917,31.762684],[-81.095095,31.749144],[-81.11197,31.737218],[-81.130634,31.722692],[-81.138448,31.720934],[-81.154686330339,31.7262025789643],[-81.16067,31.728144],[-81.17404,31.727487],[-81.192784,31.733245],[-81.198394185031,31.7260700164189],[-81.203572,31.719448],[-81.195289,31.71384],[-81.186303,31.701509],[-81.161084,31.691401],[-81.154624,31.693874],[-81.151888,31.698411],[-81.149369,31.699304],[-81.139394,31.699917],[-81.131137,31.695774],[-81.135608,31.683491],[-81.136408,31.674832],[-81.13455,31.661992],[-81.133974,31.640957],[-81.128845,31.631439],[-81.133493,31.623348],[-81.14997,31.593476],[-81.160364,31.570436],[-81.171865,31.558962],[-81.178758,31.558152],[-81.182561,31.561798],[-81.187902,31.572766],[-81.187244,31.580056],[-81.1888309770257,31.5801271922043],[-81.1922267364119,31.5802795268583],[-81.195581,31.58043],[-81.203202,31.569713],[-81.216065,31.558415],[-81.240699,31.552313],[-81.254218,31.55594],[-81.259206,31.550333],[-81.276539,31.548463],[-81.289702,31.537245],[-81.298259,31.533505],[-81.2977636057657,31.5315748653677],[-81.295187,31.521536],[-81.276319,31.525276],[-81.271054,31.531074],[-81.263437,31.530932],[-81.258809,31.52906],[-81.26388,31.515845],[-81.277659,31.509514],[-81.282311,31.504403],[-81.278733,31.497538],[-81.267728,31.497004],[-81.262896,31.495783],[-81.251444,31.5057],[-81.24375,31.518896],[-81.236681,31.529192],[-81.228547,31.526983],[-81.217948,31.527284],[-81.213519,31.528152],[-81.20419,31.536074],[-81.198251,31.537033],[-81.186568,31.529185],[-81.180762,31.522451],[-81.178725,31.518202],[-81.179342,31.516292],[-81.189643,31.503588],[-81.204883,31.473124],[-81.246911,31.422784],[-81.258616,31.404425],[-81.261803,31.393568],[-81.268613,31.383009],[-81.278108,31.377727],[-81.2826962317642,31.375134799515],[-81.29427,31.368596],[-81.290468,31.361493],[-81.285952,31.34972],[-81.282923,31.326491],[-81.287615,31.310537],[-81.2835215254565,31.2933965980721],[-81.282862,31.290635],[-81.279534,31.271744],[-81.271233,31.265894],[-81.269552,31.258741],[-81.276862,31.254734],[-81.282842,31.24433],[-81.289136,31.225487],[-81.290468,31.217691],[-81.295697,31.215048],[-81.303065,31.216878],[-81.3063453699205,31.2149034902886],[-81.315899,31.209153],[-81.331111,31.196955],[-81.35488,31.167204],[-81.360791,31.155903],[-81.3645854404588,31.1498890272513],[-81.365812,31.147945],[-81.367045985523,31.1470133574616],[-81.3717237932744,31.1434816752772],[-81.375889,31.140337],[-81.3780314896057,31.1392699122126],[-81.387743,31.134433],[-81.3970909888914,31.1341823416754],[-81.3990045527025,31.134131031099],[-81.3992989911796,31.1341231359831],[-81.399677,31.134113],[-81.4031125304267,31.1294017942492],[-81.4040075580907,31.1281744264329],[-81.409523,31.120611],[-81.403732,31.107115],[-81.401209,31.086143],[-81.401267,31.072781],[-81.415123,31.026718],[-81.420474,31.016703],[-81.424732,31.013678],[-81.432475,31.012991],[-81.43471,31.014641],[-81.434923,31.017804],[-81.4401193579891,31.0170840397411],[-81.4431497861428,31.0166641710864],[-81.451444,31.015515],[-81.457795,31.010259],[-81.45924,31.005692],[-81.460966,30.999142],[-81.469298,30.996028],[-81.490586,30.984952],[-81.493651,30.977528],[-81.4901828990314,30.9734160825315],[-81.486966,30.969602],[-81.475789,30.965976],[-81.472321,30.969899],[-81.466814,30.97091],[-81.453568,30.965573],[-81.448049,30.965511],[-81.447388,30.956732],[-81.4365471221365,30.95667000368],[-81.426929,30.956615],[-81.420108,30.974076],[-81.415825,30.977192],[-81.408484,30.977718],[-81.403409,30.957914],[-81.404079,30.903738],[-81.412473,30.885751],[-81.428577,30.836336],[-81.430835,30.831156],[-81.44013,30.821369],[-81.446927,30.81039],[-81.455287,30.79093],[-81.460061,30.769912],[-81.461065,30.753684],[-81.45947,30.741979],[-81.449707,30.719685],[-81.444124,30.709714],[-81.448718,30.709353],[-81.459978,30.710434],[-81.464465,30.711045],[-81.4653858172394,30.7113017010184],[-81.472597,30.713312],[-81.475754,30.714754],[-81.483786,30.723891],[-81.487332,30.726081],[-81.489537,30.7261],[-81.507216,30.722936],[-81.516116,30.722236],[-81.521417,30.722536],[-81.526245,30.723392],[-81.531156,30.724219],[-81.533366,30.723433],[-81.534248,30.72097],[-81.534517,30.717936],[-81.533963,30.714727],[-81.533813,30.712055],[-81.535148,30.709702],[-81.538391,30.708656],[-81.541595,30.710062],[-81.544679,30.713969],[-81.546096,30.71703],[-81.5489619066726,30.718158478696],[-81.549301,30.718292],[-81.552566,30.716974],[-81.556149,30.71375],[-81.560709,30.711689],[-81.563461,30.713423],[-81.563796,30.717749],[-81.5666645853491,30.7185133760787],[-81.568412,30.718979],[-81.571419,30.721636],[-81.5724395348169,30.721946597553],[-81.573719,30.722336],[-81.5761557716025,30.7225962124626],[-81.58682,30.723735],[-81.589292,30.722839],[-81.593841,30.718481],[-81.597106,30.719326],[-81.596092,30.724615],[-81.596452,30.72725],[-81.600877,30.729444],[-81.604293,30.728939],[-81.606018,30.726219],[-81.605827,30.71969],[-81.60762,30.716373],[-81.610656,30.716217],[-81.613044,30.720451],[-81.615066,30.722691],[-81.621139,30.72254],[-81.623542,30.72468],[-81.621127,30.728832],[-81.620823,30.73162],[-81.624366,30.73634],[-81.6249204667555,30.7362077110843],[-81.628331,30.735394],[-81.629142,30.728725],[-81.630692,30.728095],[-81.632843,30.728762],[-81.635047,30.733276],[-81.638058,30.733368],[-81.641915,30.728922],[-81.646137,30.727591],[-81.649024,30.727499],[-81.653133,30.729799],[-81.65409,30.733093],[-81.651504,30.740677],[-81.652328,30.743101],[-81.6543373089185,30.744220771116],[-81.6543398013785,30.7442221601432],[-81.654632,30.744385],[-81.659886,30.74218],[-81.662689,30.74304],[-81.663544,30.745728],[-81.659774,30.749441],[-81.660835,30.753193],[-81.663345,30.754402],[-81.669844,30.751669],[-81.678435,30.75107],[-81.683096,30.748492],[-81.682357,30.745485],[-81.679306,30.744745],[-81.672468,30.748435],[-81.669075,30.744986],[-81.668838,30.742514],[-81.670124,30.740235],[-81.672824,30.738935],[-81.680091,30.7416],[-81.688426,30.741482],[-81.691047,30.74328],[-81.692413,30.747637],[-81.694778,30.748414],[-81.702468,30.74544],[-81.709114,30.747976],[-81.7113857542679,30.747273863427],[-81.719927,30.744634],[-81.724457,30.746546],[-81.729301,30.748255],[-81.732841,30.750486],[-81.732955,30.752016],[-81.731353,30.754007],[-81.73234,30.755296],[-81.741996,30.759071],[-81.742744,30.760588],[-81.742141,30.761953],[-81.740387,30.763599],[-81.740753,30.765007],[-81.744038,30.766396],[-81.750038,30.767111],[-81.754879,30.768701],[-81.7582087929871,30.7708740320261],[-81.758529,30.771083],[-81.760467,30.774654],[-81.76172,30.775698],[-81.769637,30.777116],[-81.771302,30.776324],[-81.770356,30.773482],[-81.772468,30.77124],[-81.773483,30.766996],[-81.771569,30.765158],[-81.771949,30.763811],[-81.78215,30.761341],[-81.783523,30.762465],[-81.782585,30.766073],[-81.786697,30.769802],[-81.783676,30.772879],[-81.7881892057955,30.7792624474696],[-81.7918171566421,30.7843937963823],[-81.792583,30.785477],[-81.794417,30.787004],[-81.796608,30.78562],[-81.79675,30.783055],[-81.798453,30.782251],[-81.802398,30.787197],[-81.807449,30.790119],[-81.819213,30.789911],[-81.823702,30.786831],[-81.828491,30.789356],[-81.839243,30.7866],[-81.8407294245097,30.7873358711619],[-81.841774,30.787853],[-81.839691,30.791197],[-81.8406220235501,30.7918650436718],[-81.841185,30.792269],[-81.845638,30.790721],[-81.853508,30.794628],[-81.863739,30.794275],[-81.868263,30.79285],[-81.870407,30.794819],[-81.870353,30.797483],[-81.87619,30.799805],[-81.881492,30.799917],[-81.884819,30.811529],[-81.889099,30.81356],[-81.891495,30.816752],[-81.891021,30.82247],[-81.892906,30.825513],[-81.894851,30.825167],[-81.901443,30.829922],[-81.904823,30.828276],[-81.90727,30.825555],[-81.906718,30.82339],[-81.904091,30.82041],[-81.904533,30.817743],[-81.910916,30.816125],[-81.918728,30.817493],[-81.92705,30.817569],[-81.932808,30.82041],[-81.93621,30.825417],[-81.936976,30.828511],[-81.938788,30.828836],[-81.943695,30.825981],[-81.949501,30.827867],[-81.955705,30.822751],[-81.9628633795824,30.8187021585264],[-81.963928,30.8181],[-81.962739,30.813636],[-81.962441,30.808441],[-81.964501,30.807452],[-81.961723,30.800993],[-81.962898,30.795847],[-81.966621,30.793915],[-81.969955,30.789076],[-81.970827,30.783856],[-81.973442,30.778828],[-81.977722,30.776636],[-81.9787976288749,30.7769167464946],[-81.97886932496,30.7769354596633],[-81.983423,30.778124],[-81.992099,30.782996],[-81.994972,30.786073],[-82.004754,30.791389],[-82.008053,30.792053],[-82.012505,30.789333],[-82.015868,30.791591],[-82.0162001784414,30.7911777631105],[-82.018753,30.788002],[-82.021972,30.788233],[-82.023759,30.785263],[-82.023269,30.782693],[-82.01796,30.774943],[-82.018449,30.772759],[-82.01516,30.771971],[-82.011375,30.7626],[-82.013923,30.760902],[-82.018864,30.756574],[-82.018839,30.754595],[-82.023731,30.753507],[-82.027141,30.751128],[-82.031884,30.750476],[-82.0348,30.754449],[-82.036773,30.754434],[-82.038665,30.751087],[-82.039634,30.747727],[-82.039421,30.737194],[-82.044792,30.728481],[-82.044456,30.726152],[-82.040039,30.724585],[-82.039154,30.723178],[-82.037563,30.71864],[-82.038536,30.715918],[-82.036804,30.713033],[-82.0366333424952,30.7101218899716],[-82.036426,30.706585],[-82.043014,30.698257],[-82.04142,30.693592],[-82.043541,30.684734],[-82.050432,30.676266],[-82.048473,30.668947],[-82.046994,30.665926],[-82.047179,30.662904],[-82.048843,30.660678],[-82.049507,30.655548],[-82.046114,30.651767],[-82.042271,30.649452],[-82.039595,30.643309],[-82.039092,30.641132],[-82.039941,30.637144],[-82.037609,30.633271],[-82.033927,30.629603],[-82.028499,30.621829],[-82.026541,30.613303],[-82.027338,30.606726],[-82.026941,30.606153],[-82.0204447747481,30.6038695500624],[-82.016503,30.602484],[-82.015708,30.601704],[-82.012109,30.593773],[-82.008091,30.577018],[-82.005477,30.563495],[-82.013216,30.550091],[-82.018361,30.531184],[-82.0188106401807,30.5246602264909],[-82.018868,30.523828],[-82.0176786197484,30.520997047005],[-82.01699,30.519358],[-82.015826,30.518166],[-82.01477,30.513009],[-82.015892,30.495499],[-82.018222,30.492085],[-82.017297,30.487638],[-82.016982,30.478779],[-82.017779,30.475081],[-82.023734,30.467289],[-82.025457,30.457755],[-82.028212,30.447396],[-82.030064,30.444853],[-82.036203,30.43846],[-82.037209,30.434518],[-82.0360016774693,30.4316723254013],[-82.034464,30.428048],[-82.034005,30.422357],[-82.039971,30.41428],[-82.041164,30.409966],[-82.0416899018162,30.4057002104499],[-82.04199,30.403266],[-82.041164,30.396841],[-82.035871,30.385287],[-82.036825,30.377884],[-82.040746,30.370158],[-82.047917,30.363265],[-82.0499660029255,30.3623823672342],[-82.050069,30.362338],[-82.060034,30.360328],[-82.068533,30.359184],[-82.081106,30.358806],[-82.094687,30.360781],[-82.1001294221264,30.364267180957],[-82.101798,30.365336],[-82.101416,30.366556],[-82.1025,30.367823],[-82.104834,30.368319],[-82.116385,30.367335],[-82.143282,30.363393],[-82.158109,30.359913],[-82.161757,30.357851],[-82.165192,30.358035],[-82.170054,30.358929],[-82.171508,30.359869],[-82.1719762720444,30.360350808463],[-82.180018,30.368625],[-82.183797,30.373712],[-82.184633,30.377165],[-82.186394,30.377355],[-82.188814,30.376596],[-82.19294,30.378779],[-82.192336,30.38457],[-82.196517,30.389316],[-82.204151,30.40133],[-82.210291,30.42459],[-82.20987,30.432818],[-82.206486,30.437081],[-82.2046230352811,30.4425905085633],[-82.203975,30.444507],[-82.204823,30.45184],[-82.20604,30.455507],[-82.207522,30.456928],[-82.207708,30.460503],[-82.204614,30.468868],[-82.200938,30.474438],[-82.201416,30.485164],[-82.206445,30.491877],[-82.212852,30.498751],[-82.218514,30.504187],[-82.225026,30.50783],[-82.226933,30.510281],[-82.230377,30.517339],[-82.2303377828355,30.5174787061359],[-82.2303359190019,30.5174853458048],[-82.229399,30.520823],[-82.230752,30.526758],[-82.236123,30.531155],[-82.240403,30.53777],[-82.238912,30.545426],[-82.234438,30.549003],[-82.234427,30.556593],[-82.232623,30.557958],[-82.228265,30.56258],[-82.222826,30.565595],[-82.217315,30.56519],[-82.214385,30.566958],[-82.2148183445215,30.5685167039726],[-82.214839,30.568591],[-82.249841,30.570863],[-82.2581,30.571559],[-82.287343,30.573458],[-82.374844,30.579004],[-82.4189153644581,30.5817450619594],[-82.459544,30.584272],[-82.4597918101678,30.5842868523055],[-82.524899,30.588189],[-82.536233,30.588885],[-82.545055,30.589361],[-82.553159,30.589934],[-82.565476,30.590622],[-82.569237,30.590965],[-82.584001926838,30.5917957839101],[-82.689271,30.597719],[-82.6895389472297,30.5977337059943],[-82.698618,30.598232],[-82.698902,30.598271],[-82.877259,30.609024],[-82.878779,30.609082],[-82.939918,30.6125919296451],[-83.0235294045164,30.6173919778531],[-83.0557133403709,30.6192396258446],[-83.0559507013691,30.6192532525052],[-83.1185670928609,30.6228479977378],[-83.121409375734,30.6230111703921],[-83.13137,30.623583],[-83.1366141049961,30.6239892066814],[-83.15617,30.625504],[-83.163309,30.625895],[-83.1723539921025,30.6263422798292],[-83.1724154567384,30.6263453192892],[-83.174411,30.626444],[-83.187391,30.627223],[-83.2562184657962,30.6312794358774],[-83.3092490670063,30.6344048630721],[-83.3092496470182,30.6344048972559],[-83.309455,30.634417],[-83.311647,30.634577],[-83.3118745225325,30.6345907068301],[-83.3408517065097,30.6363364035491],[-83.341011,30.636346],[-83.357703044293,30.637359270342],[-83.37946,30.63868],[-83.390062,30.639333],[-83.429477,30.641519],[-83.429584,30.641496],[-83.440021,30.642023],[-83.448895,30.64241],[-83.4489439914454,30.6424131337381],[-83.499876,30.645671],[-83.5368725669464,30.6475189916078],[-83.611667,30.651255],[-83.6117200011691,30.6512579664548],[-83.6422262786666,30.6529653909394],[-83.674058,30.654747],[-83.676773,30.654905],[-83.743729,30.6583963847626],[-83.8087558009389,30.6617871724733],[-83.810536,30.66188],[-83.820886,30.662612],[-83.855216,30.664412],[-83.8798935100851,30.6658134583395],[-83.88022,30.665832],[-83.880317,30.665807],[-84.007391,30.672097],[-84.007454,30.6721003570368],[-84.0190933140645,30.6727205729923],[-84.0191402351933,30.6727230732455],[-84.039707,30.673819],[-84.04181,30.673878],[-84.046605,30.6742],[-84.057228,30.674705],[-84.072743205244,30.675354553777],[-84.0727702931134,30.6753556878276],[-84.0837566721279,30.6758156394604],[-84.107699,30.676818],[-84.124895,30.678046],[-84.1552096799996,30.6795250547044],[-84.2499,30.684145],[-84.2541178054687,30.684294664065],[-84.28121,30.685256],[-84.2825596118751,30.6853213667612],[-84.2825612156871,30.6853214444398],[-84.374905,30.689794],[-84.3807057284411,30.6899688310078],[-84.3807379124476,30.6899698010174],[-84.452316866999,30.6921271543368],[-84.474409,30.692793],[-84.5258893816775,30.69595995238],[-84.535042,30.696523],[-84.53937,30.696775],[-84.5508028787811,30.6973044281551],[-84.606249,30.699872],[-84.606386,30.699865],[-84.6252083545911,30.7009067952123],[-84.6252199889381,30.7009074391597],[-84.644815,30.701992],[-84.6647467558987,30.7028992425639],[-84.6658509770643,30.7029495038879],[-84.7251544524773,30.7056488464524],[-84.8011354783486,30.7091073084699],[-84.836324,30.710709],[-84.8634604731142,30.7115058092673],[-84.864693,30.711542],[-84.869752,30.721897],[-84.875421,30.727491],[-84.883821,30.732591],[-84.885221,30.734991],[-84.887522,30.741791],[-84.896122,30.750591],[-84.897622,30.751391],[-84.900222,30.751891],[-84.903122,30.751791],[-84.906322,30.750591],[-84.911122,30.751191],[-84.913522,30.752291],[-84.914322,30.753591],[-84.915022,30.761191],[-84.9172385199458,30.7632762929269],[-84.920123,30.76599],[-84.918023,30.77209],[-84.917423,30.77589],[-84.918023,30.77809],[-84.926723,30.79019],[-84.928323,30.79309],[-84.9287861351351,30.7958688108108],[-84.929023,30.79729],[-84.927923,30.80279],[-84.928323,30.80509],[-84.930923,30.810489],[-84.936824,30.818489],[-84.937424,30.820889],[-84.935745,30.833961],[-84.932324,30.838089],[-84.926956,30.839192],[-84.925665,30.842685],[-84.927824,30.847889],[-84.933224,30.851488],[-84.936624,30.858988],[-84.935325,30.861287],[-84.932524,30.863188],[-84.933124,30.865888],[-84.939324,30.871488],[-84.939224,30.874888],[-84.934324,30.881888],[-84.9349,30.884528],[-84.9379841228235,30.8863459221294],[-84.939372,30.887164],[-84.942525,30.888488],[-84.949625,30.897387],[-84.952325,30.902287],[-84.956125,30.907587],[-84.966726,30.917287],[-84.969426,30.921987],[-84.971026,30.928187],[-84.975226,30.930787],[-84.980627,30.932687],[-84.983127,30.934786],[-84.983627,30.936986],[-84.983027,30.942586],[-84.982227,30.946886],[-84.979627,30.954686],[-84.979627,30.958986],[-84.980127,30.961286],[-84.982527,30.965586],[-84.984827,30.967486],[-84.988027,30.968786],[-84.997628,30.971186],[-84.999828,30.971486],[-84.999928,30.971186],[-85.004026,30.973468],[-85.005105,30.974704],[-85.005931,30.97704],[-85.0059313397494,30.9773530224243],[-85.0059313650024,30.9773762888425],[-85.005934,30.979804],[-85.00254,30.986899],[-85.001819,30.997889],[-85.0019,31.000681],[-85.002499,31.000682],[-85.001366,31.005044],[-84.999626,31.009079],[-84.999428,31.013843],[-85.00006,31.014983],[-85.004549,31.01918],[-85.005051,31.024701],[-85.009409,31.032378],[-85.008552,31.042824],[-85.008816,31.045573],[-85.0105796139522,31.0510315768793],[-85.011392,31.053546],[-85.012642,31.055402],[-85.018148,31.059253],[-85.028573,31.074583],[-85.0284731949453,31.0755261577669],[-85.028333,31.076851],[-85.026068,31.08418],[-85.029736,31.096163],[-85.032832,31.10057],[-85.035615,31.108192],[-85.037079,31.109751],[-85.040513,31.111583],[-85.0470614668667,31.1165514332678],[-85.050178,31.118916],[-85.052867,31.119489],[-85.054677,31.120818],[-85.0559012903933,31.1233847023148],[-85.0559310298199,31.1234470504763],[-85.061072,31.134225],[-85.06243,31.139518],[-85.064028,31.142495],[-85.070181,31.14868],[-85.0757293765372,31.155777481201],[-85.076628,31.156927],[-85.077801,31.157889],[-85.0826174523208,31.1593395178154],[-85.083582,31.15963],[-85.092106,31.160293],[-85.100207,31.16549],[-85.100447,31.166727],[-85.098426,31.17777],[-85.098507,31.180153],[-85.102052,31.184734],[-85.104424,31.18565],[-85.106503,31.185305],[-85.107516,31.186451],[-85.107744625537,31.189854815531],[-85.108133,31.195637],[-85.106963,31.202693],[-85.105631,31.204595],[-85.09977,31.209751],[-85.098704,31.211286],[-85.098707,31.219511],[-85.096763,31.225651],[-85.098844,31.232524],[-85.100765,31.234813],[-85.102472,31.23786],[-85.10426,31.241869],[-85.106182,31.248077],[-85.109149,31.254609],[-85.111711,31.258022],[-85.112352,31.25958],[-85.113261,31.264343],[-85.111983,31.267987],[-85.111905,31.272477],[-85.112546,31.274378],[-85.114548,31.276302],[-85.114601,31.277333],[-85.112762,31.280037],[-85.110309,31.281733],[-85.0998151895073,31.2840112491625],[-85.099107,31.284165],[-85.09316,31.289688],[-85.089774,31.295026],[-85.087695,31.304053],[-85.087651,31.308677],[-85.087404,31.311223],[-85.084469,31.316194],[-85.083776,31.31821],[-85.084152,31.328313],[-85.088983,31.334292],[-85.089411,31.336033],[-85.08781,31.337981],[-85.087063,31.340317],[-85.0859458208434,31.349516257559],[-85.085864,31.35019],[-85.085918,31.353146],[-85.087413,31.354428],[-85.09099,31.354428],[-85.091791,31.355207],[-85.092619,31.357474],[-85.092487,31.362881],[-85.092167,31.364576],[-85.0871444124615,31.3740326428487],[-85.08691,31.374474],[-85.082431,31.38454],[-85.080403,31.393932],[-85.078641,31.39636],[-85.077626,31.39888],[-85.077387,31.402844],[-85.079978,31.410472],[-85.079818,31.411732],[-85.0790388749968,31.4128071012008],[-85.076746,31.415971],[-85.075827,31.421506],[-85.075523,31.424761],[-85.073978,31.427179],[-85.072689,31.428278],[-85.069083,31.427619],[-85.06697,31.428594],[-85.065875,31.430586],[-85.065554,31.439543],[-85.065955,31.442979],[-85.066703,31.447286],[-85.069268,31.453472],[-85.071621,31.468384],[-85.065687,31.484122],[-85.062105,31.488017],[-85.058923,31.495989],[-85.052951,31.506518],[-85.048445,31.513684],[-85.0479257132954,31.5142636818047],[-85.045642,31.516813],[-85.045495582904,31.5171292698553],[-85.044986,31.51823],[-85.044556,31.520908],[-85.047649,31.523751],[-85.048263,31.526012],[-85.047196,31.528671],[-85.042983,31.5352],[-85.041813,31.537754],[-85.041305,31.540987],[-85.041881,31.544684],[-85.042547,31.545953],[-85.045698,31.548707],[-85.050838,31.555551],[-85.051873,31.557871],[-85.052931,31.56289],[-85.05796,31.57084],[-85.057719,31.573062],[-85.055284,31.577092],[-85.055417,31.578696],[-85.05844,31.58369],[-85.0583387397868,31.5866430659763],[-85.058109,31.593343],[-85.056405,31.600963],[-85.0560661470677,31.6042922893],[-85.0560652965444,31.6043006458404],[-85.055976,31.605178],[-85.057314,31.606713],[-85.059696,31.607262],[-85.060552,31.608224],[-85.060418,31.611271],[-85.05833,31.614546],[-85.057527,31.616883],[-85.0575059086538,31.617563000625],[-85.057473,31.618624],[-85.058169,31.620227],[-85.059534,31.621717],[-85.065236,31.624351],[-85.067628,31.625267],[-85.073829,31.629567],[-85.080029,31.636867],[-85.082829,31.637967],[-85.084503,31.639026],[-85.085173,31.640749],[-85.085365,31.642186],[-85.085173,31.644101],[-85.0830537084557,31.6486699475309],[-85.082267,31.650366],[-85.080301,31.650772],[-85.078513,31.651685],[-85.078632,31.653309],[-85.079925,31.655287],[-85.083161,31.656403],[-85.08546,31.657028],[-85.087829,31.657866],[-85.092429,31.659966],[-85.10943,31.677465],[-85.11263,31.685165],[-85.11393,31.686865],[-85.12233,31.691265],[-85.12553,31.694965],[-85.1261360634263,31.7014918368987],[-85.12683,31.708965],[-85.12653,31.716764],[-85.12573,31.718864],[-85.12223,31.722764],[-85.11913,31.730964],[-85.11893,31.732664],[-85.12393,31.747564],[-85.12663,31.752463],[-85.129231,31.758663],[-85.1269541364676,31.7623302614517],[-85.12563,31.764463],[-85.12523,31.767063],[-85.12633,31.768863],[-85.130731,31.772263],[-85.140431,31.779663],[-85.1409509602038,31.7804602723125],[-85.141931,31.781963],[-85.14180656,31.78212892],[-85.137131,31.788363],[-85.132931,31.792363],[-85.132231,31.795162],[-85.132831,31.798862],[-85.1328473916616,31.8003700328662],[-85.132931,31.808062],[-85.131531,31.813062],[-85.131331,31.817562],[-85.131761981986,31.8184448059333],[-85.133647,31.822306],[-85.134315,31.824608],[-85.13262,31.826833],[-85.133083,31.828666],[-85.135931,31.830462],[-85.139231,31.834161],[-85.141831,31.839261],[-85.141331,31.841061],[-85.138331,31.844161],[-85.137731,31.845861],[-85.138031,31.851262],[-85.140231,31.855261],[-85.140731,31.857461],[-85.140131,31.858761],[-85.137431,31.860661],[-85.135831,31.862461],[-85.133731,31.870061],[-85.128831,31.87636],[-85.1284798,31.8774136],[-85.128431,31.87756],[-85.128431,31.87966],[-85.129331,31.88246],[-85.1297857547641,31.8833101936895],[-85.131631,31.88676],[-85.133731,31.88956],[-85.1343160680101,31.8914127153652],[-85.134331,31.89146],[-85.134131,31.89216],[-85.132931,31.89306],[-85.121131,31.89326],[-85.117031,31.89286],[-85.114031,31.89336],[-85.11203,31.89476],[-85.11063,31.89686],[-85.111558,31.901254],[-85.109775,31.904143],[-85.10983,31.90806],[-85.112731,31.909859],[-85.113131,31.911859],[-85.10913,31.914359],[-85.10243,31.917359],[-85.10133,31.918659],[-85.10023,31.924059],[-85.09953,31.925259],[-85.09823,31.926259],[-85.09183,31.928859],[-85.08643,31.935959],[-85.08473,31.937359],[-85.07893,31.940159],[-85.07893,31.941459],[-85.08243,31.945358],[-85.08683,31.957758],[-85.08673,31.959158],[-85.08573,31.960758],[-85.08323,31.962458],[-85.07393,31.964158],[-85.07023,31.965658],[-85.067829,31.967358],[-85.065929,31.971158],[-85.065929,31.972458],[-85.066829,31.974758],[-85.06993,31.978358],[-85.07093,31.981658],[-85.06833,31.986757],[-85.0680981818182,31.991857],[-85.06803,31.993357],[-85.064544,32.002489],[-85.063441,32.00414],[-85.055075,32.010714],[-85.053815,32.013502],[-85.054768,32.017407],[-85.053669,32.020662],[-85.05014,32.021092],[-85.04931,32.022694],[-85.050601,32.023906],[-85.052814,32.02547],[-85.0544436067118,32.026652024344],[-85.055217,32.027213],[-85.056253,32.028336],[-85.056464,32.031819],[-85.055474,32.034221],[-85.054627,32.036694],[-85.054839,32.038814],[-85.055333,32.04058],[-85.05803,32.043756],[-85.05883,32.046656],[-85.05663,32.054155],[-85.05643,32.058055],[-85.05683,32.059755],[-85.056029,32.063055],[-85.054179,32.067985],[-85.054084,32.07021],[-85.055491,32.072657],[-85.055813,32.074439],[-85.053232,32.080604],[-85.051161,32.082527],[-85.047077,32.084347],[-85.045511,32.086867],[-85.047063,32.090433],[-85.04955,32.095362],[-85.053777,32.107684],[-85.055045,32.113671],[-85.05918,32.125153],[-85.06154,32.129673],[-85.06206,32.132486],[-85.061144,32.134065],[-85.058749,32.136018],[-85.047865,32.142033],[-85.045593,32.143758],[-85.033989,32.156348],[-85.030336,32.161727],[-85.026583,32.166104],[-85.014648,32.176882],[-85.013065,32.179112],[-85.011267,32.180493],[-85.008531,32.181903],[-84.995929,32.184852],[-84.973728,32.191552],[-84.966828,32.193952],[-84.964628,32.195152],[-84.961728,32.19865],[-84.962228,32.200051],[-84.963228,32.20225],[-84.966928,32.204451],[-84.969428,32.204451],[-84.972328,32.20355],[-84.974628,32.203651],[-84.977128,32.205751],[-84.980229,32.207751],[-84.980229,32.210051],[-84.978729,32.21255],[-84.972128,32.218251],[-84.967428,32.219351],[-84.961428,32.218051],[-84.9582235136984,32.2179253338705],[-84.956328,32.217851],[-84.949451,32.218511],[-84.939328,32.217951],[-84.930127,32.219051],[-84.928227,32.219851],[-84.925427,32.221551],[-84.9248554111583,32.2222826337174],[-84.922927,32.224751],[-84.923527,32.229751],[-84.9230311580042,32.2308528711019],[-84.922627,32.231751],[-84.920627,32.233951],[-84.916327,32.236551],[-84.912727,32.24335],[-84.913927,32.24515],[-84.917227,32.24595],[-84.920327,32.24405],[-84.923027,32.244549],[-84.924127,32.245649],[-84.924427,32.249797],[-84.923015,32.250822],[-84.917327,32.249049],[-84.910098,32.248333],[-84.907227,32.24905],[-84.904087,32.250838],[-84.90251,32.255233],[-84.901454,32.257424],[-84.898139,32.258608],[-84.892296,32.258272],[-84.889174,32.259232],[-84.8891466552477,32.2597204238197],[-84.88908,32.260911],[-84.891841,32.263398],[-84.893959,32.265846],[-84.904023,32.273749],[-84.911127,32.276949],[-84.922872,32.285333],[-84.9338,32.29826],[-84.93868,32.300708],[-84.9557212929735,32.3069460371336],[-84.989514,32.319316],[-85.001874,32.322015],[-85.007103,32.328362],[-85.008096,32.336677],[-85.004582,32.345196],[-85.0027131522773,32.3466510644312],[-84.986778,32.359058],[-84.983466,32.363186],[-84.983242,32.365122],[-84.985171,32.367062],[-84.986298,32.369666],[-84.98409,32.373522],[-84.980282,32.374386],[-84.977274,32.373842],[-84.97433,32.374578],[-84.971962,32.377698],[-84.973818,32.379873],[-84.979354,32.380705],[-84.986282,32.380336],[-84.988554,32.384081],[-84.9869699000284,32.3875148564601],[-84.985978,32.389665],[-84.983386,32.391761],[-84.978362,32.390497],[-84.976394,32.391025],[-84.971773,32.390599],[-84.96873,32.391457],[-84.968762,32.393009],[-84.973882,32.395217],[-84.979898,32.400097],[-84.981098,32.402833],[-84.9803047142842,32.4073114714284],[-84.979431,32.412244],[-84.97183,32.416244],[-84.96343,32.422544],[-84.9633113901639,32.4230480918033],[-84.963222,32.423428],[-84.96303,32.424244],[-84.967031,32.435343],[-84.971831,32.442843],[-84.983831,32.445643],[-84.993531,32.450743],[-84.9951957038802,32.4530550887225],[-84.9952442623814,32.4531225310853],[-84.995331,32.453243],[-84.998031,32.461743],[-84.9980355773463,32.4619283596395],[-84.9981126856546,32.4650508605839],[-84.998231,32.469842],[-84.9966933747961,32.4726097253671],[-84.995231,32.475242],[-84.9951528890411,32.4773509958904],[-84.994831,32.486042],[-84.9957165356694,32.4889767052696],[-84.996732,32.492342],[-84.998332,32.494142],[-84.9976909182481,32.4992473983285],[-84.997505,32.500728],[-84.999832,32.504341],[-85.0002841081495,32.5071068380909],[-85.0007888680774,32.5101947811796],[-85.001532,32.514741],[-85.0028855676767,32.5169597521885],[-85.0071,32.523868],[-85.008396,32.524876],[-85.013788,32.526108],[-85.015703243299,32.5301082522337],[-85.016191,32.531127],[-85.0163482007573,32.5312676880727],[-85.020237,32.534748],[-85.022045,32.540044],[-85.0225037532255,32.542890445121],[-85.022509,32.542923],[-85.032071,32.545429],[-85.034841,32.551996],[-85.0350135739157,32.5521061766966],[-85.040555,32.555644],[-85.044364,32.559584],[-85.056926,32.571242],[-85.059672,32.576742],[-85.067535,32.579546],[-85.076399,32.594665],[-85.080288,32.603577],[-85.0806178512654,32.608095275146],[-85.080768,32.610152],[-85.08224,32.616264],[-85.083616,32.6178],[-85.08536,32.618536],[-85.087294,32.62047],[-85.088319,32.623032],[-85.0892541511326,32.6250298228741],[-85.089441,32.625429],[-85.088534,32.627874],[-85.0849280451451,32.6303328637042],[-85.084724,32.630472],[-85.082365,32.633834],[-85.083635,32.635973],[-85.086175,32.635362],[-85.091336,32.634036],[-85.096597,32.634667],[-85.100388,32.637118],[-85.102989,32.641033],[-85.105337,32.644835],[-85.100337,32.650135],[-85.096336,32.652835],[-85.089736,32.655635],[-85.088483,32.657758],[-85.093536,32.669734],[-85.104037,32.679634],[-85.112637,32.683434],[-85.114737,32.685634],[-85.1153450674004,32.6873257492588],[-85.117037,32.692033],[-85.119279,32.703966],[-85.119279,32.707715],[-85.119,32.710057],[-85.122738,32.715727],[-85.121505063206,32.7204024261057],[-85.120838,32.722932],[-85.118838,32.724832],[-85.117338,32.726632],[-85.115038,32.728831],[-85.113167,32.732813],[-85.113329,32.735751],[-85.114795,32.738104],[-85.11855,32.740817],[-85.124092,32.741694],[-85.127604,32.743047],[-85.132196,32.744411],[-85.134794631893,32.7467952506839],[-85.136584,32.748437],[-85.139576,32.754308],[-85.142567,32.760682],[-85.140573,32.764036],[-85.137382,32.769068],[-85.13439,32.770577],[-85.130884,32.769562],[-85.122189,32.773353],[-85.123601,32.775711],[-85.126219,32.779189],[-85.129934,32.779649],[-85.134673,32.783905],[-85.139285,32.784921],[-85.1401915160284,32.7883248857941],[-85.140558,32.789701],[-85.141903,32.791821],[-85.145771,32.791115],[-85.1505836689875,32.7934570819934],[-85.151913,32.794104],[-85.1529003459633,32.7950825579662],[-85.162137,32.804237],[-85.1638459228327,32.8064092347279],[-85.167939,32.811612],[-85.1679144901823,32.8116912716779],[-85.1672507819921,32.813837891558],[-85.166078,32.817631],[-85.1646705784048,32.8202326623105],[-85.164104,32.82128],[-85.168016,32.829203],[-85.165473357677,32.8334253730464],[-85.164651,32.834791],[-85.16058,32.838249],[-85.157432,32.839439],[-85.154584,32.839805],[-85.153905,32.841018],[-85.153497,32.842781],[-85.153462209283,32.8434461729737],[-85.153388,32.844865],[-85.154255,32.847476],[-85.155884,32.849918],[-85.1571363009798,32.851508931773],[-85.159841,32.854945],[-85.161089,32.856045],[-85.16231,32.856479],[-85.164318,32.856183],[-85.166761,32.85474],[-85.168064,32.852863],[-85.170099,32.852497],[-85.177127,32.853895],[-85.1783639525338,32.854658509785],[-85.1783807279069,32.8546688643954],[-85.1784707131974,32.8547244078766],[-85.179353,32.855269],[-85.1844,32.861317],[-85.184888,32.863355],[-85.1848884238249,32.863446106048],[-85.184914,32.868944],[-85.1846512046702,32.8694746250528],[-85.184131,32.870525],[-85.18474,32.870527],[-85.1850475779872,32.8720030053371],[-85.1853237424222,32.8733282633109],[-85.1857371444189,32.8753120969364],[-85.1870586538649,32.8816537568625],[-85.188741,32.889727],[-85.1890775794593,32.8914116855049],[-85.1907838462341,32.8999520845814],[-85.1912639601209,32.9023552048059],[-85.2025511620875,32.9588511822649],[-85.2041165750202,32.9666865637903],[-85.210891601815,33.0005976927144],[-85.221868,33.055538],[-85.223261,33.06258],[-85.223516898458,33.0638570222819],[-85.2277998763677,33.0852305712517],[-85.2284317628998,33.0883839047551],[-85.232378,33.108077],[-85.2365086541145,33.1295615488779],[-85.252143787887,33.2108837284737],[-85.2521537013376,33.2109352907707],[-85.2626626417577,33.2655948768441],[-85.2814046177246,33.3630765074936],[-85.2939021634334,33.4280793192012],[-85.2963097812195,33.4406019319816],[-85.2975274009043,33.4469350716994],[-85.3033886220355,33.4774207256388],[-85.304439,33.482884],[-85.313999,33.529807],[-85.314091,33.530218],[-85.3148434877199,33.5349512560896],[-85.314994,33.535898],[-85.3153400895111,33.5376461241702],[-85.315340215273,33.5376467594031],[-85.3237922987933,33.5803388694423],[-85.3382006083928,33.6531163257259],[-85.3427217404908,33.6759529042533],[-85.3552522157442,33.7392452779125],[-85.3569782031297,33.7479633701095],[-85.357402,33.750104],[-85.360491,33.767958],[-85.361844,33.773951],[-85.3764027281585,33.8506557456616],[-85.377426,33.856047],[-85.3808849979311,33.873507903946],[-85.3864734721684,33.9017183318811],[-85.3887171312565,33.9130442466707],[-85.3914952437911,33.9270680642863],[-85.398837,33.964129],[-85.3993834093702,33.9669047225612],[-85.405918,34.0001],[-85.406748,34.002314],[-85.420232,34.072278],[-85.4218527741544,34.0808218531424],[-85.4278886333432,34.11263966956],[-85.428222,34.114397],[-85.42947,34.125096],[-85.4447082365292,34.1998924138202],[-85.444715014064,34.1999256811405],[-85.455057,34.250689],[-85.455371,34.252854],[-85.458071,34.265736],[-85.458693,34.269437],[-85.4620817189037,34.2863854944266],[-85.467676385249,34.3143669157448],[-85.4704343306423,34.3281606305543],[-85.47045,34.328239],[-85.4740169081093,34.3445495509054],[-85.4845883505414,34.3928900308523],[-85.502316,34.473954],[-85.502454,34.474527],[-85.5049447058824,34.4857351764706],[-85.508384,34.501212],[-85.512108,34.518252],[-85.513709,34.52417],[-85.51393,34.525192],[-85.5146979912582,34.5294437989317],[-85.517074,34.542598],[-85.527261,34.588683],[-85.5340893753704,34.6238579271308],[-85.534327,34.625082],[-85.541264,34.656701],[-85.541267,34.656783],[-85.542501013985,34.6624478599444],[-85.5520892272007,34.7064634753637],[-85.552454,34.708138],[-85.552482,34.708321],[-85.5537243611281,34.7141278632177],[-85.5580670538503,34.734425844267],[-85.561416,34.750079],[-85.5743534080727,34.815746661243],[-85.5759270787553,34.8237342946789],[-85.583145,34.860371],[-85.5847264767994,34.868766591596],[-85.595163,34.924171],[-85.595191,34.924331],[-85.5965230789194,34.931968747208],[-85.5968555276548,34.9338749100965],[-85.598781,34.944915],[-85.599385,34.951766],[-85.605165,34.984678]]]]}}]}